alg,sol,val,submodular_val,cost,runtime,error_epsilon,sample_epsilon,user_sample_ratio,scaling_factor,num_rare_skills,num_common_skills,num_popular_skills,num_sampled_skills,seed,k,cardinality_constraint,num_of_partitions
cost_scaled_partition_matroid_lazy_greedy,[4395],3950,4000,50,1.906555223002215,,,1,800,5,40,5,50,6,,1,1
baseline_topk_matroid,[4395],3950,4000,50,1.439033920003567,,,1,800,5,40,5,50,6,,1,1
cost_scaled_partition_matroid_lazy_greedy,"[4395, 1040]",7100,7200,100,1.7006747539999196,,,1,800,5,40,5,50,6,,1,2
baseline_topk_matroid,"[4395, 2053]",7050,7200,150,1.3784430700034136,,,1,800,5,40,5,50,6,,1,2
cost_scaled_partition_matroid_lazy_greedy,"[4395, 1040, 423]",8675,8800,125,1.8224998049990973,,,1,800,5,40,5,50,6,,1,3
baseline_topk_matroid,"[4395, 2053, 1562]",7550,8000,450,1.4201058359976741,,,1,800,5,40,5,50,6,,1,3
cost_scaled_partition_matroid_lazy_greedy,"[4395, 1040, 423, 3213]",10225,10400,175,1.7552785599982599,,,1,800,5,40,5,50,6,,1,4
baseline_topk_matroid,"[4395, 2053, 1562, 2328]",8150,8800,650,1.445027014000516,,,1,800,5,40,5,50,6,,1,4
cost_scaled_partition_matroid_lazy_greedy,"[4395, 1040, 423, 932, 2804]",11825,12000,175,1.7837974680005573,,,1,800,5,40,5,50,6,,1,5
baseline_topk_matroid,"[4395, 2053, 1103, 2328, 85]",8950,9600,650,1.6015267460024916,,,1,800,5,40,5,50,6,,1,5
cost_scaled_partition_matroid_lazy_greedy,"[4395, 1040]",7100,7200,100,1.9551787659947877,,,1,800,5,40,5,50,6,,2,1
baseline_topk_matroid,"[4395, 2053]",7050,7200,150,1.7505846079948242,,,1,800,5,40,5,50,6,,2,1
cost_scaled_partition_matroid_lazy_greedy,"[4395, 1040, 423, 932]",10250,10400,150,1.8582436719952966,,,1,800,5,40,5,50,6,,2,2
baseline_topk_matroid,"[4395, 2053, 1103, 2328]",8250,8800,550,1.533289909006271,,,1,800,5,40,5,50,6,,2,2
cost_scaled_partition_matroid_lazy_greedy,"[4395, 1040, 423, 932, 3209, 21]",12575,12800,225,1.8949035029945662,,,1,800,5,40,5,50,6,,2,3
baseline_topk_matroid,"[4395, 2053, 1103, 4315, 3351, 4556]",10695,11200,505,1.491058460000204,,,1,800,5,40,5,50,6,,2,3
cost_scaled_partition_matroid_lazy_greedy,"[4395, 1040, 423, 932, 1447, 3209, 2775, 2328]",16275,16800,525,2.110967835003976,,,1,800,5,40,5,50,6,,2,4
baseline_topk_matroid,"[4395, 2053, 1103, 1040, 4315, 2328, 1115, 3055]",11250,12000,750,1.513514939993911,,,1,800,5,40,5,50,6,,2,4
cost_scaled_partition_matroid_lazy_greedy,"[4395, 1040, 423, 932, 1447, 2804, 3209, 766, 1071, 1622]",17275,17600,325,2.1836008050013334,,,1,800,5,40,5,50,6,,2,5
baseline_topk_matroid,"[4395, 2053, 1103, 1040, 2328, 1115, 1557, 85, 961, 2775]",12625,13600,975,1.8463538190044346,,,1,800,5,40,5,50,6,,2,5
cost_scaled_partition_matroid_lazy_greedy,"[4395, 1040, 423]",8675,8800,125,1.9300547540042317,,,1,800,5,40,5,50,6,,3,1
baseline_topk_matroid,"[4395, 2053, 1103]",7650,8000,350,1.4928338570025517,,,1,800,5,40,5,50,6,,3,1
cost_scaled_partition_matroid_lazy_greedy,"[4395, 1040, 423, 932, 1447, 3917]",13375,13600,225,1.9022662740026135,,,1,800,5,40,5,50,6,,3,2
baseline_topk_matroid,"[4395, 2053, 1103, 1040, 2328, 1115]",9775,10400,625,1.4983016760015744,,,1,800,5,40,5,50,6,,3,2
cost_scaled_partition_matroid_lazy_greedy,"[4395, 1040, 423, 932, 1447, 3209, 2328, 21, 1237]",16325,16800,475,1.884014973999001,,,1,800,5,40,5,50,6,,3,3
baseline_topk_matroid,"[4395, 2053, 1103, 1040, 4315, 2328, 3351, 4556, 1897]",12745,13600,855,1.500033746000554,,,1,800,5,40,5,50,6,,3,3
cost_scaled_partition_matroid_lazy_greedy,"[4395, 1040, 423, 932, 1447, 2804, 3209, 2775, 129, 1219, 2900, 3202]",19550,20000,450,2.209280889997899,,,1,800,5,40,5,50,6,,3,4
baseline_topk_matroid,"[4395, 2053, 1103, 1040, 4315, 2328, 1115, 3055, 3351, 4556, 2657, 1897]",14255,15200,945,1.6909924089995911,,,1,800,5,40,5,50,6,,3,4
cost_scaled_partition_matroid_lazy_greedy,"[4395, 1040, 423, 932, 1447, 2804, 3209, 2775, 766, 1071, 1622, 1711, 2552, 2593, 2900]",21875,22400,525,1.9354153019958176,,,1,800,5,40,5,50,6,,3,5
baseline_topk_matroid,"[4395, 2053, 1103, 1040, 4315, 2328, 1115, 1557, 961, 1897, 1438, 423, 932, 2804, 2120]",16000,17600,1600,1.5550288140002522,,,1,800,5,40,5,50,6,,3,5
cost_scaled_partition_matroid_lazy_greedy,"[4395, 1040, 423, 932]",10250,10400,150,1.9255426059971796,,,1,800,5,40,5,50,6,,4,1
baseline_topk_matroid,"[4395, 2053, 1103, 1040]",8400,8800,400,1.532573966003838,,,1,800,5,40,5,50,6,,4,1
cost_scaled_partition_matroid_lazy_greedy,"[4395, 1040, 423, 932, 1447, 2804, 3917, 2775]",16450,16800,350,2.078250623002532,,,1,800,5,40,5,50,6,,4,2
baseline_topk_matroid,"[4395, 2053, 1103, 1040, 4315, 2328, 1115, 3055]",11250,12000,750,1.578430474997731,,,1,800,5,40,5,50,6,,4,2
cost_scaled_partition_matroid_lazy_greedy,"[4395, 1040, 423, 932, 1447, 2804, 3209, 129, 766, 1237, 1622, 2156]",18825,19200,375,1.9014644399940153,,,1,800,5,40,5,50,6,,4,3
baseline_topk_matroid,"[4395, 2053, 1103, 1040, 4315, 2328, 1115, 3351, 4556, 1557, 1897, 17]",14070,16000,1930,1.5809021079985541,,,1,800,5,40,5,50,6,,4,3
cost_scaled_partition_matroid_lazy_greedy,"[4395, 1040, 423, 932, 1447, 2804, 3209, 2775, 129, 766, 1219, 2156, 2900, 3202, 682, 1506]",22640,23200,560,2.0223105309996754,,,1,800,5,40,5,50,6,,4,4
baseline_topk_matroid,"[4395, 2053, 1103, 1040, 4315, 2328, 1115, 3055, 3351, 4556, 2657, 1557, 961, 1897, 17, 1663]",16605,19200,2595,1.5952355319968774,,,1,800,5,40,5,50,6,,4,4
cost_scaled_partition_matroid_lazy_greedy,"[4395, 1040, 423, 932, 1447, 2804, 3209, 2775, 129, 766, 1071, 1622, 1711, 2552, 2593, 2900, 3145, 3202, 2669, 172]",25720,26400,680,1.9393599120012368,,,1,800,5,40,5,50,6,,4,5
baseline_topk_matroid,"[4395, 2053, 1103, 1040, 4315, 2328, 1115, 3055, 1557, 961, 1897, 17, 423, 932, 1219, 1447, 2804, 1333, 2120, 840]",20275,23200,2925,1.6986743660017964,,,1,800,5,40,5,50,6,,4,5
cost_scaled_partition_matroid_lazy_greedy,"[4395, 1040, 423, 932, 1447]",11825,12000,175,2.263637463001942,,,1,800,5,40,5,50,6,,5,1
baseline_topk_matroid,"[4395, 2053, 1103, 1040, 4315]",9100,9600,500,1.520397268999659,,,1,800,5,40,5,50,6,,5,1
cost_scaled_partition_matroid_lazy_greedy,"[4395, 1040, 423, 932, 1447, 2804, 3209, 2775, 129, 1219]",18000,18400,400,2.370993326003372,,,1,800,5,40,5,50,6,,5,2
baseline_topk_matroid,"[4395, 2053, 1103, 1040, 4315, 2328, 1115, 3055, 3351, 4556]",12795,13600,805,1.9512134280012106,,,1,800,5,40,5,50,6,,5,2
cost_scaled_partition_matroid_lazy_greedy,"[4395, 1040, 423, 932, 1447, 2804, 3209, 2775, 129, 766, 1071, 1622, 2156, 3158, 153]",21870,22400,530,2.301124464000168,,,1,800,5,40,5,50,6,,5,3
baseline_topk_matroid,"[4395, 2053, 1103, 1040, 4315, 2328, 1115, 3055, 3351, 4556, 1557, 1897, 17, 423, 1648]",16395,18400,2005,1.6374271199965733,,,1,800,5,40,5,50,6,,5,3
cost_scaled_partition_matroid_lazy_greedy,"[4395, 1040, 423, 932, 1447, 2804, 3209, 2775, 129, 766, 1071, 2156, 2552, 2900, 3202, 682, 1506, 1931, 2646, 1015]",25690,26400,710,1.8596805479974137,,,1,800,5,40,5,50,6,,5,4
baseline_topk_matroid,"[4395, 2053, 1103, 1040, 4315, 2328, 1115, 3055, 3351, 4556, 2657, 1557, 961, 1897, 17, 1663, 2306, 423, 725, 2969]",19130,22400,3270,1.4901065379963256,,,1,800,5,40,5,50,6,,5,4
cost_scaled_partition_matroid_lazy_greedy,"[4395, 1040, 423, 932, 1447, 2804, 3209, 2775, 129, 766, 1071, 1622, 1711, 2156, 2552, 2593, 2900, 3145, 3202, 3269, 172, 975, 3149, 4530, 2105]",29850,31200,1350,1.8479205910043675,,,1,800,5,40,5,50,6,,5,5
baseline_topk_matroid,"[4395, 2053, 1103, 1040, 4315, 2328, 1115, 3055, 3351, 1557, 961, 1897, 17, 816, 423, 932, 1447, 1648, 1333, 2204, 2120, 975, 374, 840, 1590]",22525,27200,4675,1.5127022369997576,,,1,800,5,40,5,50,6,,5,5
cost_scaled_partition_matroid_lazy_greedy,"[4395, 1040, 423, 932, 1447, 2804]",13400,13600,200,1.8311896599989268,,,1,800,5,40,5,50,6,,6,1
baseline_topk_matroid,"[4395, 2053, 1103, 1040, 4315, 2328]",9700,10400,700,1.499856270995224,,,1,800,5,40,5,50,6,,6,1
cost_scaled_partition_matroid_lazy_greedy,"[4395, 1040, 423, 932, 1447, 2804, 3209, 2775, 129, 766, 1219, 2156]",19550,20000,450,1.8331315780014847,,,1,800,5,40,5,50,6,,6,2
baseline_topk_matroid,"[4395, 2053, 1103, 1040, 4315, 2328, 1115, 3055, 3351, 4556, 2657, 961]",14255,15200,945,1.4882761129993014,,,1,800,5,40,5,50,6,,6,2
cost_scaled_partition_matroid_lazy_greedy,"[4395, 1040, 423, 932, 1447, 2804, 3209, 2775, 129, 766, 1071, 1622, 1711, 2156, 2593, 153, 1851, 172]",24165,24800,635,1.9245582299990929,,,1,800,5,40,5,50,6,,6,3
baseline_topk_matroid,"[4395, 2053, 1103, 1040, 4315, 2328, 1115, 3055, 3351, 4556, 2657, 1557, 1897, 17, 423, 932, 725, 733]",18605,20800,2195,1.551554468998802,,,1,800,5,40,5,50,6,,6,3
cost_scaled_partition_matroid_lazy_greedy,"[4395, 1040, 423, 932, 1447, 2804, 3209, 2775, 129, 766, 1071, 1622, 2156, 2552, 2593, 2900, 3202, 682, 1506, 2646, 172, 1015, 1458, 2120]",28470,29600,1130,1.9417635810023057,,,1,800,5,40,5,50,6,,6,4
baseline_topk_matroid,"[4395, 2053, 1103, 1040, 4315, 2328, 1115, 3055, 3351, 4556, 2657, 1557, 961, 1897, 17, 1663, 2306, 423, 932, 1447, 725, 3917, 2969, 975]",23380,27200,3820,1.6230655859981198,,,1,800,5,40,5,50,6,,6,4
cost_scaled_partition_matroid_lazy_greedy,"[4395, 1040, 423, 932, 1447, 2804, 3209, 2775, 129, 766, 1071, 1622, 1711, 2156, 2552, 2593, 2900, 3145, 3202, 3269, 682, 172, 975, 986, 3149, 2105, 4392, 2120, 374]",32120,34400,2280,2.0092523170023924,,,1,800,5,40,5,50,6,,6,5
baseline_topk_matroid,"[4395, 2053, 1103, 1040, 4315, 2328, 1115, 3055, 3351, 4556, 1557, 961, 1897, 17, 1663, 423, 932, 1447, 1648, 725, 1333, 2204, 767, 2120, 975, 374, 840, 1590, 2593, 1253]",25920,31200,5280,1.6920341389995883,,,1,800,5,40,5,50,6,,6,5
cost_scaled_partition_matroid_lazy_greedy,"[4395, 1040, 423, 932, 1447, 2804, 3209]",14950,15200,250,2.8432607290014857,,,1,800,5,40,5,50,6,,7,1
baseline_topk_matroid,"[4395, 2053, 1103, 1040, 4315, 2328, 1115]",10475,11200,725,1.7964845099995728,,,1,800,5,40,5,50,6,,7,1
cost_scaled_partition_matroid_lazy_greedy,"[4395, 1040, 423, 932, 1447, 2804, 3209, 2775, 129, 766, 1071, 2156, 2552, 2593]",21100,21600,500,1.9401366650054115,,,1,800,5,40,5,50,6,,7,2
baseline_topk_matroid,"[4395, 2053, 1103, 1040, 4315, 2328, 1115, 3055, 3351, 4556, 2657, 1557, 961, 1897]",15705,16800,1095,1.473370307998266,,,1,800,5,40,5,50,6,,7,2
cost_scaled_partition_matroid_lazy_greedy,"[4395, 1040, 423, 932, 1447, 2804, 3209, 2775, 129, 766, 1071, 1622, 1711, 2156, 2552, 2593, 2900, 153, 172, 975, 1015]",26845,28000,1155,1.8167021360059152,,,1,800,5,40,5,50,6,,7,3
baseline_topk_matroid,"[4395, 2053, 1103, 1040, 4315, 2328, 1115, 3055, 3351, 4556, 2657, 1557, 961, 1897, 17, 423, 932, 1447, 725, 733, 2969]",21580,24000,2420,1.505731620003644,,,1,800,5,40,5,50,6,,7,3
cost_scaled_partition_matroid_lazy_greedy,"[4395, 1040, 423, 932, 1447, 2804, 3209, 2775, 129, 766, 1071, 1622, 1711, 2156, 2552, 2593, 2900, 3202, 3269, 682, 1506, 172, 1015, 3149, 2120, 975, 2448]",29965,32000,2035,1.8936157409989391,,,1,800,5,40,5,50,6,,7,4
baseline_topk_matroid,"[4395, 2053, 1103, 1040, 4315, 2328, 1115, 3055, 3351, 4556, 2657, 1557, 961, 1897, 17, 1663, 2306, 423, 932, 1447, 725, 1333, 2204, 3917, 2120, 975, 840, 251]",24955,29600,4645,1.7334616699954495,,,1,800,5,40,5,50,6,,7,4
cost_scaled_partition_matroid_lazy_greedy,"[4395, 1040, 423, 932, 1447, 2804, 3209, 2775, 129, 766, 1071, 1622, 1711, 2156, 2552, 2593, 2900, 3145, 3202, 3269, 682, 1506, 172, 986, 3149, 2105, 4392, 4092, 414, 2120, 975, 374]",33240,36000,2760,1.8536626560016884,,,1,800,5,40,5,50,6,,7,5
baseline_topk_matroid,"[4395, 2053, 1103, 1040, 4315, 2328, 1115, 3055, 3351, 4556, 2657, 1557, 961, 1897, 17, 1663, 423, 932, 1447, 725, 1333, 2204, 3917, 767, 2120, 975, 374, 840, 1590, 129, 2156, 2593, 2105]",28205,33600,5395,1.912148632996832,,,1,800,5,40,5,50,6,,7,5
cost_scaled_partition_matroid_lazy_greedy,"[4395, 1040, 423, 932, 1447, 2804, 3209, 2775]",16450,16800,350,2.0782629319946864,,,1,800,5,40,5,50,6,,8,1
baseline_topk_matroid,"[4395, 2053, 1103, 1040, 4315, 2328, 1115, 3055]",11250,12000,750,1.65334370599885,,,1,800,5,40,5,50,6,,8,1
cost_scaled_partition_matroid_lazy_greedy,"[4395, 1040, 423, 932, 1447, 2804, 3209, 2775, 129, 766, 1071, 1622, 2156, 2552, 2593, 3158]",22650,23200,550,1.990769559997716,,,1,800,5,40,5,50,6,,8,2
baseline_topk_matroid,"[4395, 2053, 1103, 1040, 4315, 2328, 1115, 3055, 3351, 4556, 2657, 1557, 961, 1897, 17, 1663]",16605,19200,2595,1.6324535590028972,,,1,800,5,40,5,50,6,,8,2
cost_scaled_partition_matroid_lazy_greedy,"[4395, 1040, 423, 932, 1447, 2804, 3209, 2775, 129, 766, 1071, 1622, 1711, 2156, 2552, 2593, 2900, 3145, 3202, 153, 172, 975, 961, 2308]",29045,30400,1355,1.8812433999992209,,,1,800,5,40,5,50,6,,8,3
baseline_topk_matroid,"[4395, 2053, 1103, 1040, 4315, 2328, 1115, 3055, 3351, 4556, 2657, 1557, 961, 1897, 17, 1663, 423, 932, 1447, 725, 4231, 2969, 3358, 374]",22880,26400,3520,1.4506006990050082,,,1,800,5,40,5,50,6,,8,3
cost_scaled_partition_matroid_lazy_greedy,"[4395, 1040, 423, 932, 1447, 2804, 3209, 2775, 129, 766, 1071, 1622, 1711, 2156, 2552, 2593, 2900, 3145, 3202, 3269, 682, 1506, 172, 986, 3149, 2120, 975, 2448, 17]",31340,34400,3060,1.7668822970008478,,,1,800,5,40,5,50,6,,8,4
baseline_topk_matroid,"[4395, 2053, 1103, 1040, 4315, 2328, 1115, 3055, 3351, 4556, 2657, 1557, 961, 1897, 17, 1663, 2306, 423, 932, 1447, 725, 1333, 2204, 3917, 414, 2120, 975, 840, 1590, 1464, 2448]",26080,32000,5920,2.090441076994466,,,1,800,5,40,5,50,6,,8,4
cost_scaled_partition_matroid_lazy_greedy,"[4395, 1040, 423, 932, 1447, 2804, 3209, 2775, 129, 766, 1071, 1622, 1711, 2156, 2552, 2593, 2900, 3145, 3202, 3269, 682, 1506, 172, 986, 3149, 2105, 4392, 4092, 414, 754, 2120, 975, 374]",33790,36800,3010,2.050357729996904,,,1,800,5,40,5,50,6,,8,5
baseline_topk_matroid,"[4395, 2053, 1103, 1040, 4315, 2328, 1115, 3055, 3351, 4556, 2657, 1557, 961, 1897, 17, 1663, 2306, 423, 932, 1447, 725, 1333, 2204, 3917, 2120, 975, 374, 840, 1590, 129, 2156, 2593, 986, 2105]",28605,34400,5795,2.7720042880027904,,,1,800,5,40,5,50,6,,8,5
cost_scaled_partition_matroid_lazy_greedy,"[4395, 1040, 423, 932, 1447, 2804, 3209, 2775, 129]",17225,17600,375,2.1318723290023627,,,1,800,5,40,5,50,6,,9,1
baseline_topk_matroid,"[4395, 2053, 1103, 1040, 4315, 2328, 1115, 3055, 3351]",12025,12800,775,1.577854714996647,,,1,800,5,40,5,50,6,,9,1
cost_scaled_partition_matroid_lazy_greedy,"[4395, 1040, 423, 932, 1447, 2804, 3209, 2775, 129, 766, 1071, 1622, 1711, 2156, 2552, 2593, 3202, 3269]",24200,24800,600,2.148814570995455,,,1,800,5,40,5,50,6,,9,2
baseline_topk_matroid,"[4395, 2053, 1103, 1040, 4315, 2328, 1115, 3055, 3351, 4556, 2657, 1557, 961, 1897, 17, 1663, 2306, 423]",17680,20800,3120,1.6619679369978257,,,1,800,5,40,5,50,6,,9,2
cost_scaled_partition_matroid_lazy_greedy,"[4395, 1040, 423, 932, 1447, 2804, 3209, 2775, 129, 766, 1071, 1622, 1711, 2156, 2552, 2593, 2900, 3145, 3202, 3269, 682, 172, 975, 961, 2308, 4092, 414]",30970,32800,1830,2.0986312280001584,,,1,800,5,40,5,50,6,,9,3
baseline_topk_matroid,"[4395, 2053, 1103, 1040, 4315, 2328, 1115, 3055, 3351, 4556, 2657, 1557, 961, 1897, 17, 1663, 2306, 423, 932, 1447, 725, 2969, 3358, 2120, 374, 840, 1590]",23580,28800,5220,1.421366730995942,,,1,800,5,40,5,50,6,,9,3
cost_scaled_partition_matroid_lazy_greedy,"[4395, 1040, 423, 932, 1447, 2804, 3209, 2775, 129, 766, 1071, 1622, 1711, 2156, 2552, 2593, 2900, 3145, 3202, 3269, 682, 1506, 172, 986, 3149, 2105, 4392, 2120, 975, 2448]",32090,34400,2310,1.751523756000097,,,1,800,5,40,5,50,6,,9,4
baseline_topk_matroid,"[4395, 2053, 1103, 1040, 4315, 2328, 1115, 3055, 3351, 4556, 2657, 1557, 961, 1897, 17, 1663, 2306, 423, 932, 1447, 725, 1333, 2204, 3917, 414, 2120, 975, 374, 840, 1590, 129, 2448]",26455,32800,6345,1.478049777004344,,,1,800,5,40,5,50,6,,9,4
cost_scaled_partition_matroid_lazy_greedy,"[4395, 1040, 423, 932, 1447, 2804, 3209, 2775, 129, 766, 1071, 1622, 1711, 2156, 2552, 2593, 2900, 3145, 3202, 3269, 682, 1506, 172, 986, 3149, 2105, 4392, 4092, 414, 754, 2120, 975, 374, 2448]",34090,37600,3510,1.6698299609997775,,,1,800,5,40,5,50,6,,9,5
baseline_topk_matroid,"[4395, 2053, 1103, 1040, 4315, 2328, 1115, 3055, 3351, 4556, 2657, 1557, 961, 1897, 17, 1663, 2306, 423, 932, 1447, 725, 1333, 2204, 3917, 414, 2120, 975, 374, 840, 1590, 129, 2156, 2593, 986, 2105, 4092]",29755,36000,6245,1.5139214000009815,,,1,800,5,40,5,50,6,,9,5
cost_scaled_partition_matroid_lazy_greedy,"[4395, 1040, 423, 932, 1447, 2804, 3209, 2775, 129, 766]",18000,18400,400,1.613130057005037,,,1,800,5,40,5,50,6,,10,1
baseline_topk_matroid,"[4395, 2053, 1103, 1040, 4315, 2328, 1115, 3055, 3351, 4556]",12795,13600,805,1.315884042000107,,,1,800,5,40,5,50,6,,10,1
cost_scaled_partition_matroid_lazy_greedy,"[4395, 1040, 423, 932, 1447, 2804, 3209, 2775, 129, 766, 1071, 1622, 1711, 2156, 2552, 2593, 2900, 3202, 3269, 682]",25745,26400,655,1.5823890440005925,,,1,800,5,40,5,50,6,,10,2
baseline_topk_matroid,"[4395, 2053, 1103, 1040, 4315, 2328, 1115, 3055, 3351, 4556, 2657, 1557, 961, 1897, 17, 1663, 2306, 423, 932, 1447]",20030,23200,3170,1.305483596996055,,,1,800,5,40,5,50,6,,10,2
cost_scaled_partition_matroid_lazy_greedy,"[4395, 1040, 423, 932, 1447, 2804, 3209, 2775, 129, 766, 1071, 1622, 1711, 2156, 2552, 2593, 2900, 3145, 3202, 3269, 682, 1506, 172, 986, 961, 2308, 4092, 414, 975, 2448]",31990,34400,2410,1.638501230001566,,,1,800,5,40,5,50,6,,10,3
baseline_topk_matroid,"[4395, 2053, 1103, 1040, 4315, 2328, 1115, 3055, 3351, 4556, 2657, 1557, 961, 1897, 17, 1663, 2306, 423, 932, 1447, 725, 1333, 2969, 2120, 374, 840, 1590, 129, 766, 2552]",26005,31200,5195,1.3275944230044843,,,1,800,5,40,5,50,6,,10,3
cost_scaled_partition_matroid_lazy_greedy,"[4395, 1040, 423, 932, 1447, 2804, 3209, 2775, 129, 766, 1071, 1622, 1711, 2156, 2552, 2593, 2900, 3145, 3202, 3269, 682, 1506, 172, 986, 3149, 2105, 4392, 4092, 2120, 975, 2448]",32690,35200,2510,1.7008317520012497,,,1,800,5,40,5,50,6,,10,4
baseline_topk_matroid,"[4395, 2053, 1103, 1040, 4315, 2328, 1115, 3055, 3351, 4556, 2657, 1557, 961, 1897, 17, 1663, 2306, 423, 932, 1447, 725, 1333, 2204, 3917, 414, 2120, 975, 374, 840, 1590, 129, 2156, 634, 2448]",27955,34400,6445,1.6653257360012503,,,1,800,5,40,5,50,6,,10,4
cost_scaled_partition_matroid_lazy_greedy,"[4395, 1040, 423, 932, 1447, 2804, 3209, 2775, 129, 766, 1071, 1622, 1711, 2156, 2552, 2593, 2900, 3145, 3202, 3269, 682, 1506, 172, 986, 3149, 2105, 4392, 4092, 414, 754, 2120, 975, 374, 2448]",34090,37600,3510,1.843164906000311,,,1,800,5,40,5,50,6,,10,5
baseline_topk_matroid,"[4395, 2053, 1103, 1040, 4315, 2328, 1115, 3055, 3351, 4556, 2657, 1557, 961, 1897, 17, 1663, 2306, 423, 932, 1447, 725, 1333, 2204, 3917, 414, 2120, 975, 374, 840, 1590, 129, 2156, 2552, 2593, 986, 2105, 4092, 754]",31080,37600,6520,1.5474078049956006,,,1,800,5,40,5,50,6,,10,5
cost_scaled_partition_matroid_lazy_greedy,[1624],3900,4000,100,1.6087166819997947,,,1,800,5,40,5,50,7,,1,1
baseline_topk_matroid,[1624],3900,4000,100,1.3048715699987952,,,1,800,5,40,5,50,7,,1,1
cost_scaled_partition_matroid_lazy_greedy,"[1624, 2802]",7075,7200,125,1.620939096006623,,,1,800,5,40,5,50,7,,1,2
baseline_topk_matroid,"[1624, 2609]",6050,6400,350,1.343850533994555,,,1,800,5,40,5,50,7,,1,2
cost_scaled_partition_matroid_lazy_greedy,"[1624, 508, 3525]",8650,8800,150,1.573360729002161,,,1,800,5,40,5,50,7,,1,3
baseline_topk_matroid,"[1624, 2609, 1146]",7550,8000,450,1.2944930779995047,,,1,800,5,40,5,50,7,,1,3
cost_scaled_partition_matroid_lazy_greedy,"[1624, 2802, 3525, 9]",11025,11200,175,1.5624539019991062,,,1,800,5,40,5,50,7,,1,4
baseline_topk_matroid,"[1624, 2609, 508, 336]",9925,10400,475,1.306012950000877,,,1,800,5,40,5,50,7,,1,4
cost_scaled_partition_matroid_lazy_greedy,"[1624, 508, 3525, 21, 3323]",11800,12000,200,1.5741759180018562,,,1,800,5,40,5,50,7,,1,5
baseline_topk_matroid,"[1624, 2609, 508, 1146, 2243]",11425,12000,575,1.2923688179944293,,,1,800,5,40,5,50,7,,1,5
cost_scaled_partition_matroid_lazy_greedy,"[1624, 2802]",7075,7200,125,1.5717790010021417,,,1,800,5,40,5,50,7,,2,1
baseline_topk_matroid,"[1624, 2609]",6050,6400,350,1.306749100003799,,,1,800,5,40,5,50,7,,2,1
cost_scaled_partition_matroid_lazy_greedy,"[1624, 2802, 3525, 9]",11025,11200,175,1.618983093998395,,,1,800,5,40,5,50,7,,2,2
baseline_topk_matroid,"[1624, 2609, 1562, 508]",10525,11200,675,1.31023755500064,,,1,800,5,40,5,50,7,,2,2
cost_scaled_partition_matroid_lazy_greedy,"[1624, 2802, 3525, 9, 508, 1018]",14150,14400,250,1.5936877689964604,,,1,800,5,40,5,50,7,,2,3
baseline_topk_matroid,"[1624, 2609, 1562, 2802, 1146, 2243]",11925,12800,875,1.3032514650039957,,,1,800,5,40,5,50,7,,2,3
cost_scaled_partition_matroid_lazy_greedy,"[1624, 2802, 3525, 9, 508, 1243, 1018, 3669]",17225,17600,375,1.5701640639963443,,,1,800,5,40,5,50,7,,2,4
baseline_topk_matroid,"[1624, 2609, 1562, 508, 2802, 336, 3323, 3525]",14350,15200,850,1.291421273999731,,,1,800,5,40,5,50,7,,2,4
cost_scaled_partition_matroid_lazy_greedy,"[1624, 2802, 3525, 508, 1018, 2770, 4323, 21, 946, 1132]",17800,18400,600,1.585379071002535,,,1,800,5,40,5,50,7,,2,5
baseline_topk_matroid,"[1624, 2609, 1562, 508, 1995, 1146, 2210, 4349, 3525, 3193]",15420,17600,2180,1.309303350004484,,,1,800,5,40,5,50,7,,2,5
cost_scaled_partition_matroid_lazy_greedy,"[1624, 2802, 3525]",9450,9600,150,1.5763818419945892,,,1,800,5,40,5,50,7,,3,1
baseline_topk_matroid,"[1624, 2609, 1562]",8150,8800,650,1.3059561669942923,,,1,800,5,40,5,50,7,,3,1
cost_scaled_partition_matroid_lazy_greedy,"[1624, 2802, 3525, 9, 508, 1018]",14150,14400,250,1.6271604629946523,,,1,800,5,40,5,50,7,,3,2
baseline_topk_matroid,"[1624, 2609, 1562, 508, 2802, 1995]",12850,13600,750,1.356303886997921,,,1,800,5,40,5,50,7,,3,2
cost_scaled_partition_matroid_lazy_greedy,"[1624, 2802, 3525, 9, 508, 1243, 1018, 2770, 201]",18050,18400,350,1.5731882940017385,,,1,800,5,40,5,50,7,,3,3
baseline_topk_matroid,"[1624, 2609, 1562, 508, 2802, 1995, 1146, 2210, 3525]",15425,16800,1375,1.2940361330038286,,,1,800,5,40,5,50,7,,3,3
cost_scaled_partition_matroid_lazy_greedy,"[1624, 2802, 3525, 9, 508, 1243, 1018, 2770, 3669, 201, 455, 3160]",21100,21600,500,1.5713325649994658,,,1,800,5,40,5,50,7,,3,4
baseline_topk_matroid,"[1624, 2609, 1562, 508, 2802, 1995, 4349, 3323, 3525, 900, 1897, 9]",16625,18400,1775,1.2883334360012668,,,1,800,5,40,5,50,7,,3,4
cost_scaled_partition_matroid_lazy_greedy,"[1624, 2802, 3525, 9, 508, 1018, 2770, 3669, 11, 201, 946, 982, 1132, 317, 3833]",22575,23200,625,1.5665493519991287,,,1,800,5,40,5,50,7,,3,5
baseline_topk_matroid,"[1624, 2609, 1562, 508, 2802, 1995, 1146, 2210, 4349, 3323, 3525, 3092, 4270, 1132, 3235]",19420,22400,2980,1.3146875929960515,,,1,800,5,40,5,50,7,,3,5
cost_scaled_partition_matroid_lazy_greedy,"[1624, 2802, 3525, 9]",11025,11200,175,1.5789666040000156,,,1,800,5,40,5,50,7,,4,1
baseline_topk_matroid,"[1624, 2609, 1562, 508]",10525,11200,675,1.2970922909953515,,,1,800,5,40,5,50,7,,4,1
cost_scaled_partition_matroid_lazy_greedy,"[1624, 2802, 3525, 9, 508, 1243, 1018, 2770]",17275,17600,325,1.8652764009966631,,,1,800,5,40,5,50,7,,4,2
baseline_topk_matroid,"[1624, 2609, 1562, 508, 2802, 1995, 1146, 4349]",13550,15200,1650,1.7688892959995428,,,1,800,5,40,5,50,7,,4,2
cost_scaled_partition_matroid_lazy_greedy,"[1624, 2802, 3525, 9, 508, 1243, 1018, 2770, 3669, 201, 455, 982]",21100,21600,500,1.8269217279957957,,,1,800,5,40,5,50,7,,4,3
baseline_topk_matroid,"[1624, 2609, 1562, 508, 2802, 1995, 1146, 2210, 4349, 3525, 1931, 1897]",16895,19200,2305,1.3476931550030713,,,1,800,5,40,5,50,7,,4,3
cost_scaled_partition_matroid_lazy_greedy,"[1624, 2802, 3525, 9, 508, 1243, 1018, 2770, 3669, 201, 455, 946, 982, 1622, 3550, 566]",24190,24800,610,1.587105905993667,,,1,800,5,40,5,50,7,,4,4
baseline_topk_matroid,"[1624, 2609, 1562, 508, 2802, 1995, 1146, 4349, 3323, 3525, 1931, 900, 1897, 3196, 9, 3910]",19520,21600,2080,1.2942536059999838,,,1,800,5,40,5,50,7,,4,4
cost_scaled_partition_matroid_lazy_greedy,"[1624, 2802, 3525, 9, 508, 1243, 1018, 2770, 3669, 201, 946, 982, 1132, 1622, 1982, 3235, 3517, 3833, 1241, 527]",27145,28000,855,1.9420001089965808,,,1,800,5,40,5,50,7,,4,5
baseline_topk_matroid,"[1624, 2609, 1562, 508, 2802, 1995, 1146, 2210, 4349, 3323, 3525, 1931, 3092, 4270, 982, 1132, 1241, 4323, 3235, 566]",23000,26400,3400,1.4494935880065896,,,1,800,5,40,5,50,7,,4,5
cost_scaled_partition_matroid_lazy_greedy,"[1624, 2802, 3525, 9, 508]",12600,12800,200,2.324029843999597,,,1,800,5,40,5,50,7,,5,1
baseline_topk_matroid,"[1624, 2609, 1562, 508, 2802]",12100,12800,700,1.3202507969981525,,,1,800,5,40,5,50,7,,5,1
cost_scaled_partition_matroid_lazy_greedy,"[1624, 2802, 3525, 9, 508, 1243, 1018, 2770, 3669, 201]",19550,20000,450,1.6582452910006396,,,1,800,5,40,5,50,7,,5,2
baseline_topk_matroid,"[1624, 2609, 1562, 508, 2802, 1995, 1146, 2210, 4349, 3525]",15425,17600,2175,1.311509382998338,,,1,800,5,40,5,50,7,,5,2
cost_scaled_partition_matroid_lazy_greedy,"[1624, 2802, 3525, 9, 508, 1243, 1018, 2770, 3669, 201, 455, 946, 982, 1132, 3517]",23425,24000,575,1.9006045920032193,,,1,800,5,40,5,50,7,,5,3
baseline_topk_matroid,"[1624, 2609, 1562, 508, 2802, 1995, 1146, 2210, 4349, 3323, 3525, 1931, 3092, 1897, 1040]",19145,21600,2455,1.4222506279984373,,,1,800,5,40,5,50,7,,5,3
cost_scaled_partition_matroid_lazy_greedy,"[1624, 2802, 3525, 9, 508, 1243, 1018, 2770, 3669, 201, 455, 946, 982, 1132, 1622, 1982, 3402, 566, 1540, 1241]",27210,28000,790,1.8156539920018986,,,1,800,5,40,5,50,7,,5,4
baseline_topk_matroid,"[1624, 2609, 1562, 508, 2802, 1995, 1146, 2210, 4349, 3323, 3525, 1931, 1897, 9, 982, 1243, 3910, 1241, 527, 3669]",23690,26400,2710,1.5441379879994201,,,1,800,5,40,5,50,7,,5,4
cost_scaled_partition_matroid_lazy_greedy,"[1624, 2802, 3525, 9, 508, 1243, 1018, 2770, 3669, 201, 455, 946, 982, 1132, 1622, 1982, 2552, 3235, 3517, 4046, 1532, 3833, 1241, 527]",30240,31200,960,1.7776077939997776,,,1,800,5,40,5,50,7,,5,5
baseline_topk_matroid,"[1624, 2609, 1562, 508, 2802, 1995, 1146, 2210, 4349, 3323, 3525, 1931, 3092, 1897, 4270, 982, 1132, 1241, 527, 4323, 1000, 3235, 566, 2434, 596]",26065,30400,4335,1.821553193993168,,,1,800,5,40,5,50,7,,5,5
cost_scaled_partition_matroid_lazy_greedy,"[1624, 2802, 3525, 9, 508, 1243]",14175,14400,225,2.074986136001826,,,1,800,5,40,5,50,7,,6,1
baseline_topk_matroid,"[1624, 2609, 1562, 508, 2802, 1995]",12850,13600,750,1.515828915995371,,,1,800,5,40,5,50,7,,6,1
cost_scaled_partition_matroid_lazy_greedy,"[1624, 2802, 3525, 9, 508, 1243, 1018, 2770, 3669, 201, 455, 982]",21100,21600,500,1.7602601930047967,,,1,800,5,40,5,50,7,,6,2
baseline_topk_matroid,"[1624, 2609, 1562, 508, 2802, 1995, 1146, 2210, 4349, 3323, 3525, 1931]",16970,19200,2230,1.5032275480043609,,,1,800,5,40,5,50,7,,6,2
cost_scaled_partition_matroid_lazy_greedy,"[1624, 2802, 3525, 9, 508, 1243, 1018, 2770, 3669, 201, 455, 946, 982, 1132, 1622, 1982, 3517, 4046]",25750,26400,650,1.753286205996119,,,1,800,5,40,5,50,7,,6,3
baseline_topk_matroid,"[1624, 2609, 1562, 508, 2802, 1995, 1146, 2210, 4349, 3323, 3525, 1931, 3092, 1897, 4270, 1040, 4323, 201]",21415,24800,3385,1.5434149149950827,,,1,800,5,40,5,50,7,,6,3
cost_scaled_partition_matroid_lazy_greedy,"[1624, 2802, 3525, 9, 508, 1243, 1018, 2770, 3669, 201, 455, 946, 982, 1132, 1622, 1982, 2552, 3235, 3402, 1532, 566, 1241, 3183, 1160]",30030,31200,1170,1.715569907995814,,,1,800,5,40,5,50,7,,6,4
baseline_topk_matroid,"[1624, 2609, 1562, 508, 2802, 1995, 1146, 2210, 4349, 3323, 3525, 1931, 3092, 1897, 9, 982, 1132, 3910, 1241, 527, 3669, 2552, 3304, 566]",26730,29600,2870,1.4488863299993682,,,1,800,5,40,5,50,7,,6,4
cost_scaled_partition_matroid_lazy_greedy,"[1624, 2802, 3525, 9, 508, 1243, 1018, 2770, 3669, 201, 455, 946, 982, 1132, 1622, 1982, 2552, 3235, 3402, 3517, 1532, 566, 2434, 1241, 527]",31020,32000,980,1.5618675430014264,,,1,800,5,40,5,50,7,,6,5
baseline_topk_matroid,"[1624, 2609, 1562, 508, 2802, 1995, 1146, 2210, 4349, 3323, 3525, 1931, 3092, 1897, 4270, 9, 982, 1132, 1241, 527, 4323, 1000, 201, 3235, 566, 2434, 776]",27715,32000,4285,1.4294583189985133,,,1,800,5,40,5,50,7,,6,5
cost_scaled_partition_matroid_lazy_greedy,"[1624, 2802, 3525, 9, 508, 1243, 1018]",15725,16000,275,1.9185335629954352,,,1,800,5,40,5,50,7,,7,1
baseline_topk_matroid,"[1624, 2609, 1562, 508, 2802, 1995, 1146]",13550,14400,850,1.7453099730046233,,,1,800,5,40,5,50,7,,7,1
cost_scaled_partition_matroid_lazy_greedy,"[1624, 2802, 3525, 9, 508, 1243, 1018, 2770, 3669, 201, 455, 946, 982, 1132]",22650,23200,550,2.365128556994023,,,1,800,5,40,5,50,7,,7,2
baseline_topk_matroid,"[1624, 2609, 1562, 508, 2802, 1995, 1146, 2210, 4349, 3323, 3525, 1931, 3092, 1897]",18395,20800,2405,1.7405522459957865,,,1,800,5,40,5,50,7,,7,2
cost_scaled_partition_matroid_lazy_greedy,"[1624, 2802, 3525, 9, 508, 1243, 1018, 2770, 3669, 201, 455, 946, 982, 1132, 1622, 1982, 2552, 3235, 3517, 4046, 1532]",28070,28800,730,1.6812048020001384,,,1,800,5,40,5,50,7,,7,3
baseline_topk_matroid,"[1624, 2609, 1562, 508, 2802, 1995, 1146, 2210, 4349, 3323, 3525, 1931, 3092, 1897, 4270, 9, 1040, 4323, 1000, 201, 3517]",23265,27200,3935,1.5264914369981852,,,1,800,5,40,5,50,7,,7,3
cost_scaled_partition_matroid_lazy_greedy,"[1624, 2802, 3525, 9, 508, 1243, 1018, 2770, 3669, 201, 455, 946, 982, 1132, 1622, 1982, 2552, 3235, 3402, 3517, 3553, 1532, 566, 2341, 1241, 3183, 1160]",32340,33600,1260,2.060606516999542,,,1,800,5,40,5,50,7,,7,4
baseline_topk_matroid,"[1624, 2609, 1562, 508, 2802, 1995, 1146, 2210, 4349, 3323, 3525, 1931, 3092, 1897, 4270, 9, 982, 1132, 3910, 1241, 527, 201, 2552, 3553, 566, 2434]",27715,31200,3485,1.643091876001563,,,1,800,5,40,5,50,7,,7,4
cost_scaled_partition_matroid_lazy_greedy,"[1624, 2802, 3525, 9, 508, 1243, 1018, 2770, 3669, 201, 455, 946, 982, 1132, 1622, 1982, 2552, 3235, 3402, 3517, 3553, 1532, 566, 2434, 1241, 527, 776]",32495,33600,1105,1.9873393009984284,,,1,800,5,40,5,50,7,,7,5
baseline_topk_matroid,"[1624, 2609, 1562, 508, 2802, 1995, 1146, 2210, 4349, 3323, 3525, 1931, 3092, 1897, 4270, 9, 982, 1132, 3910, 1241, 527, 4323, 1000, 201, 3517, 566, 2434, 776, 3723, 3812]",29690,34400,4710,1.6188581059977878,,,1,800,5,40,5,50,7,,7,5
cost_scaled_partition_matroid_lazy_greedy,"[1624, 2802, 3525, 9, 508, 1243, 1018, 2770]",17275,17600,325,1.9170200150038,,,1,800,5,40,5,50,7,,8,1
baseline_topk_matroid,"[1624, 2609, 1562, 508, 2802, 1995, 1146, 2210]",14650,16000,1350,1.862319096995634,,,1,800,5,40,5,50,7,,8,1
cost_scaled_partition_matroid_lazy_greedy,"[1624, 2802, 3525, 9, 508, 1243, 1018, 2770, 3669, 201, 455, 946, 982, 1132, 1622, 3235]",24200,24800,600,2.009848925001279,,,1,800,5,40,5,50,7,,8,2
baseline_topk_matroid,"[1624, 2609, 1562, 508, 2802, 1995, 1146, 2210, 4349, 3323, 3525, 1931, 3092, 1897, 4270, 982]",20115,23200,3085,2.2628850270048133,,,1,800,5,40,5,50,7,,8,2
cost_scaled_partition_matroid_lazy_greedy,"[1624, 2802, 3525, 9, 508, 1243, 1018, 2770, 3669, 201, 455, 946, 982, 1132, 1622, 1982, 2552, 3235, 3402, 3517, 1532, 566, 1040, 776]",30285,31200,915,2.4325541030048043,,,1,800,5,40,5,50,7,,8,3
baseline_topk_matroid,"[1624, 2609, 1562, 508, 2802, 1995, 1146, 2210, 4349, 3323, 3525, 1931, 3092, 1897, 4270, 9, 982, 1040, 4323, 1000, 201, 3517, 566, 2302]",25565,29600,4035,1.6323452850047033,,,1,800,5,40,5,50,7,,8,3
cost_scaled_partition_matroid_lazy_greedy,"[1624, 2802, 3525, 9, 508, 1243, 1018, 2770, 3669, 201, 455, 946, 982, 1132, 1622, 1982, 2552, 3235, 3402, 3517, 3553, 1532, 566, 2434, 2341, 1040, 1241, 776]",33305,34400,1095,1.9261545860063052,,,1,800,5,40,5,50,7,,8,4
baseline_topk_matroid,"[1624, 2609, 1562, 508, 2802, 1995, 1146, 2210, 4349, 3323, 3525, 1931, 3092, 1897, 4270, 9, 982, 1132, 3910, 1040, 1241, 201, 2552, 3517, 3553, 566, 2434, 3812, 3033]",29690,33600,3910,1.7725833990043611,,,1,800,5,40,5,50,7,,8,4
cost_scaled_partition_matroid_lazy_greedy,"[1624, 2802, 3525, 9, 508, 1243, 1018, 2770, 3669, 201, 455, 946, 982, 1132, 1622, 1982, 2552, 3235, 3402, 3517, 3553, 1532, 566, 2434, 2341, 1241, 527, 776, 3723]",33855,35200,1345,1.9280798580002738,,,1,800,5,40,5,50,7,,8,5
baseline_topk_matroid,"[1624, 2609, 1562, 508, 2802, 1995, 1146, 2210, 4349, 3323, 3525, 1931, 3092, 1897, 4270, 9, 982, 1132, 3910, 1040, 1241, 4323, 1000, 201, 3517, 566, 2434, 776, 3723, 3812]",29740,34400,4660,1.8144627380024758,,,1,800,5,40,5,50,7,,8,5
cost_scaled_partition_matroid_lazy_greedy,"[1624, 2802, 3525, 9, 508, 1243, 1018, 2770, 3669]",18775,19200,425,1.73720558599598,,,1,800,5,40,5,50,7,,9,1
baseline_topk_matroid,"[1624, 2609, 1562, 508, 2802, 1995, 1146, 2210, 4349]",14650,16800,2150,1.555054497999663,,,1,800,5,40,5,50,7,,9,1
cost_scaled_partition_matroid_lazy_greedy,"[1624, 2802, 3525, 9, 508, 1243, 1018, 2770, 3669, 201, 455, 946, 982, 1132, 1622, 1982, 3235, 3517]",25750,26400,650,2.3245164239997393,,,1,800,5,40,5,50,7,,9,2
baseline_topk_matroid,"[1624, 2609, 1562, 508, 2802, 1995, 1146, 2210, 4349, 3323, 3525, 1931, 3092, 1897, 4270, 9, 982, 1132]",21665,24800,3135,2.3168575140007306,,,1,800,5,40,5,50,7,,9,2
cost_scaled_partition_matroid_lazy_greedy,"[1624, 2802, 3525, 9, 508, 1243, 1018, 2770, 3669, 201, 455, 946, 982, 1132, 1622, 1982, 2552, 3235, 3402, 3517, 3553, 1532, 566, 2341, 1040, 776, 3723]",32420,33600,1180,1.881529051999678,,,1,800,5,40,5,50,7,,9,3
baseline_topk_matroid,"[1624, 2609, 1562, 508, 2802, 1995, 1146, 2210, 4349, 3323, 3525, 1931, 3092, 1897, 4270, 9, 982, 1132, 1040, 4323, 1000, 201, 3517, 566, 2302, 2341, 776]",27800,32000,4200,1.3876039929964463,,,1,800,5,40,5,50,7,,9,3
cost_scaled_partition_matroid_lazy_greedy,"[1624, 2802, 3525, 9, 508, 1243, 1018, 2770, 3669, 201, 455, 946, 982, 1132, 1622, 1982, 2552, 3235, 3402, 3517, 3553, 1532, 566, 2434, 2341, 1040, 1241, 776, 3723, 3812]",34505,36000,1495,1.5966456699970877,,,1,800,5,40,5,50,7,,9,4
baseline_topk_matroid,"[1624, 2609, 1562, 508, 2802, 1995, 1146, 2210, 4349, 3323, 3525, 1931, 3092, 1897, 4270, 9, 982, 1132, 3910, 1040, 1241, 4323, 201, 2552, 3517, 3553, 566, 2434, 776, 3812, 3033, 3644]",31240,36000,4760,1.404742899001576,,,1,800,5,40,5,50,7,,9,4
cost_scaled_partition_matroid_lazy_greedy,"[1624, 2802, 3525, 9, 508, 1243, 1018, 2770, 3669, 201, 455, 946, 982, 1132, 1622, 1982, 2552, 3235, 3402, 3517, 3553, 1532, 566, 2434, 2341, 1040, 1241, 776, 3723, 3812]",34505,36000,1495,1.6012890929996502,,,1,800,5,40,5,50,7,,9,5
baseline_topk_matroid,"[1624, 2609, 1562, 508, 2802, 1995, 1146, 2210, 4349, 3323, 3525, 1931, 3092, 1897, 4270, 9, 982, 1132, 3910, 1040, 1241, 4323, 1000, 201, 3517, 3553, 566, 2434, 776, 3723, 3812]",30515,35200,4685,1.5981577130005462,,,1,800,5,40,5,50,7,,9,5
cost_scaled_partition_matroid_lazy_greedy,"[1624, 2802, 3525, 9, 508, 1243, 1018, 2770, 3669, 201]",19550,20000,450,1.7782042079998064,,,1,800,5,40,5,50,7,,10,1
baseline_topk_matroid,"[1624, 2609, 1562, 508, 2802, 1995, 1146, 2210, 4349, 3323]",15425,17600,2175,1.4265717699963716,,,1,800,5,40,5,50,7,,10,1
cost_scaled_partition_matroid_lazy_greedy,"[1624, 2802, 3525, 9, 508, 1243, 1018, 2770, 3669, 201, 455, 946, 982, 1132, 1622, 1982, 2552, 3235, 3517, 4046]",27300,28000,700,1.5949321209991467,,,1,800,5,40,5,50,7,,10,2
baseline_topk_matroid,"[1624, 2609, 1562, 508, 2802, 1995, 1146, 2210, 4349, 3323, 3525, 1931, 3092, 1897, 4270, 9, 982, 1132, 3910, 1241]",23160,26400,3240,1.293622332996165,,,1,800,5,40,5,50,7,,10,2
cost_scaled_partition_matroid_lazy_greedy,"[1624, 2802, 3525, 9, 508, 1243, 1018, 2770, 3669, 201, 455, 946, 982, 1132, 1622, 1982, 2552, 3235, 3402, 3517, 3553, 1532, 566, 2434, 2341, 1040, 776, 3723, 3812]",33785,35200,1415,2.01818334699783,,,1,800,5,40,5,50,7,,10,3
baseline_topk_matroid,"[1624, 2609, 1562, 508, 2802, 1995, 1146, 2210, 4349, 3323, 3525, 1931, 3092, 1897, 4270, 9, 982, 1132, 3910, 1040, 4323, 1000, 201, 3517, 566, 2341, 776, 3723, 3812]",29015,33600,4585,1.8433776809979463,,,1,800,5,40,5,50,7,,10,3
cost_scaled_partition_matroid_lazy_greedy,"[1624, 2802, 3525, 9, 508, 1243, 1018, 2770, 3669, 201, 455, 946, 982, 1132, 1622, 1982, 2552, 3235, 3402, 3517, 3553, 1532, 566, 2434, 2341, 1040, 1241, 776, 3723, 3812, 3033]",35055,36800,1745,1.8543043979952927,,,1,800,5,40,5,50,7,,10,4
baseline_topk_matroid,"[1624, 2609, 1562, 508, 2802, 1995, 1146, 2210, 4349, 3323, 3525, 1931, 3092, 1897, 4270, 9, 982, 1132, 3910, 1040, 1241, 4323, 1000, 201, 3517, 3553, 566, 2434, 776, 3723, 3812, 3033]",31065,36000,4935,1.7429514129980817,,,1,800,5,40,5,50,7,,10,4
cost_scaled_partition_matroid_lazy_greedy,"[1624, 2802, 3525, 9, 508, 1243, 1018, 2770, 3669, 201, 455, 946, 982, 1132, 1622, 1982, 2552, 3235, 3402, 3517, 3553, 1532, 566, 2434, 2341, 1040, 1241, 776, 3723, 3812, 3033]",35055,36800,1745,1.8340820000012172,,,1,800,5,40,5,50,7,,10,5
baseline_topk_matroid,"[1624, 2609, 1562, 508, 2802, 1995, 1146, 2210, 4349, 3323, 3525, 1931, 3092, 1897, 4270, 9, 982, 1132, 3910, 1040, 1241, 4323, 1000, 201, 3517, 3553, 566, 2434, 2341, 776, 3723, 3812]",31275,36000,4725,1.9036061579972738,,,1,800,5,40,5,50,7,,10,5
cost_scaled_partition_matroid_lazy_greedy,[2518],3175,3200,25,1.955266806005966,,,1,800,5,40,5,50,8,,1,1
baseline_topk_matroid,[124],3500,4000,500,1.4413991239998722,,,1,800,5,40,5,50,8,,1,1
cost_scaled_partition_matroid_lazy_greedy,"[2518, 266]",6275,6400,125,1.8318066370047745,,,1,800,5,40,5,50,8,,1,2
baseline_topk_matroid,"[124, 2518]",4275,4800,525,1.6270513299969025,,,1,800,5,40,5,50,8,,1,2
cost_scaled_partition_matroid_lazy_greedy,"[2518, 266, 55]",8575,8800,225,1.911468608006544,,,1,800,5,40,5,50,8,,1,3
baseline_topk_matroid,"[124, 2518, 981]",5025,5600,575,1.4238101990049472,,,1,800,5,40,5,50,8,,1,3
cost_scaled_partition_matroid_lazy_greedy,"[2518, 266, 1064, 2297]",10950,11200,250,1.8083315109979594,,,1,800,5,40,5,50,8,,1,4
baseline_topk_matroid,"[124, 334, 55, 728]",6875,8000,1125,1.4248271800024668,,,1,800,5,40,5,50,8,,1,4
cost_scaled_partition_matroid_lazy_greedy,"[2518, 266, 76, 95, 3712]",11775,12000,225,1.8149338110015378,,,1,800,5,40,5,50,8,,1,5
baseline_topk_matroid,"[124, 334, 981, 55, 1064]",8425,9600,1175,1.4491962750034872,,,1,800,5,40,5,50,8,,1,5
cost_scaled_partition_matroid_lazy_greedy,"[2518, 266]",6275,6400,125,1.850993059000757,,,1,800,5,40,5,50,8,,2,1
baseline_topk_matroid,"[124, 334]",3800,4800,1000,1.7198143009954947,,,1,800,5,40,5,50,8,,2,1
cost_scaled_partition_matroid_lazy_greedy,"[2518, 266, 1064, 2297]",10950,11200,250,1.8417173119960353,,,1,800,5,40,5,50,8,,2,2
baseline_topk_matroid,"[124, 334, 55, 728]",6875,8000,1125,1.4313581800015527,,,1,800,5,40,5,50,8,,2,2
cost_scaled_partition_matroid_lazy_greedy,"[2518, 266, 1064, 2297, 1603, 848]",13800,14400,600,1.6202821390033932,,,1,800,5,40,5,50,8,,2,3
baseline_topk_matroid,"[124, 334, 981, 266, 622, 1064]",10800,12000,1200,1.6528299109995714,,,1,800,5,40,5,50,8,,2,3
cost_scaled_partition_matroid_lazy_greedy,"[2518, 266, 1064, 2297, 3712, 4310, 4522, 511]",16375,16800,425,2.158134972996777,,,1,800,5,40,5,50,8,,2,4
baseline_topk_matroid,"[124, 334, 981, 55, 728, 1064, 1507, 544]",12335,13600,1265,1.7184528600046178,,,1,800,5,40,5,50,8,,2,4
cost_scaled_partition_matroid_lazy_greedy,"[2518, 266, 1064, 2297, 3712, 4310, 1371, 4026, 95, 2465]",18625,19200,575,1.6765817720006453,,,1,800,5,40,5,50,8,,2,5
baseline_topk_matroid,"[124, 334, 981, 55, 266, 1064, 2168, 696, 772, 4552]",15210,16800,1590,1.3264348919983604,,,1,800,5,40,5,50,8,,2,5
cost_scaled_partition_matroid_lazy_greedy,"[2518, 266, 1064]",8650,8800,150,1.5757925270008855,,,1,800,5,40,5,50,8,,3,1
baseline_topk_matroid,"[124, 334, 981]",4550,5600,1050,1.3855282539952896,,,1,800,5,40,5,50,8,,3,1
cost_scaled_partition_matroid_lazy_greedy,"[2518, 266, 1064, 2297, 3712, 4310]",14100,14400,300,1.65516208599729,,,1,800,5,40,5,50,8,,3,2
baseline_topk_matroid,"[124, 334, 981, 55, 728, 1064]",9200,10400,1200,1.374201489998086,,,1,800,5,40,5,50,8,,3,2
cost_scaled_partition_matroid_lazy_greedy,"[2518, 266, 1064, 2297, 3712, 4310, 1603, 848, 511]",17725,18400,675,1.5867684760014527,,,1,800,5,40,5,50,8,,3,3
baseline_topk_matroid,"[124, 334, 981, 55, 266, 1064, 1507, 544, 696]",13810,15200,1390,1.3412506120002945,,,1,800,5,40,5,50,8,,3,3
cost_scaled_partition_matroid_lazy_greedy,"[2518, 266, 1064, 2297, 3712, 4310, 1371, 4522, 3125, 511, 1089, 1092]",20650,21600,950,1.7713690380041953,,,1,800,5,40,5,50,8,,3,4
baseline_topk_matroid,"[124, 334, 981, 55, 266, 1064, 1507, 544, 1040, 1865, 258, 3125]",15660,17600,1940,1.34733691499423,,,1,800,5,40,5,50,8,,3,4
cost_scaled_partition_matroid_lazy_greedy,"[2518, 266, 1064, 2297, 3712, 4310, 1371, 996, 95, 370, 511, 1743, 2197, 2728, 190]",22530,23200,670,1.582534007000504,,,1,800,5,40,5,50,8,,3,5
baseline_topk_matroid,"[124, 334, 981, 55, 266, 1064, 1507, 2168, 1040, 258, 356, 3712, 4552, 3601, 130]",19785,21600,1815,1.358708610998292,,,1,800,5,40,5,50,8,,3,5
cost_scaled_partition_matroid_lazy_greedy,"[2518, 266, 1064, 2297]",10950,11200,250,1.5809971659982693,,,1,800,5,40,5,50,8,,4,1
baseline_topk_matroid,"[124, 334, 981, 55]",6850,8000,1150,1.331869812005607,,,1,800,5,40,5,50,8,,4,1
cost_scaled_partition_matroid_lazy_greedy,"[2518, 266, 1064, 2297, 3712, 4310, 1371, 4026]",17075,17600,525,1.627423906000331,,,1,800,5,40,5,50,8,,4,2
baseline_topk_matroid,"[124, 334, 981, 55, 266, 1064, 1507, 1865]",13050,14400,1350,1.3652622669978882,,,1,800,5,40,5,50,8,,4,2
cost_scaled_partition_matroid_lazy_greedy,"[2518, 266, 1064, 2297, 3712, 4310, 1371, 4522, 511, 761, 1743, 1988]",20225,20800,575,1.5914430589982658,,,1,800,5,40,5,50,8,,4,3
baseline_topk_matroid,"[124, 334, 981, 55, 266, 1064, 1507, 4046, 544, 696, 1040, 1865]",16085,17600,1515,1.333100560004823,,,1,800,5,40,5,50,8,,4,3
cost_scaled_partition_matroid_lazy_greedy,"[2518, 266, 1064, 2297, 3712, 4310, 1371, 996, 3125, 95, 511, 1089, 1092, 1636, 1679, 4335]",23765,24800,1035,1.8106995659982204,,,1,800,5,40,5,50,8,,4,4
baseline_topk_matroid,"[124, 334, 981, 55, 266, 1064, 1507, 4046, 544, 1040, 1865, 258, 2297, 3125, 95, 2051]",18685,20800,2115,1.4090838349948172,,,1,800,5,40,5,50,8,,4,4
cost_scaled_partition_matroid_lazy_greedy,"[2518, 266, 1064, 2297, 3712, 4310, 1371, 996, 3125, 95, 370, 511, 1089, 1679, 1743, 3402, 2197, 2728, 1417, 2240]",26805,28000,1195,1.8733164430013858,,,1,800,5,40,5,50,8,,4,5
baseline_topk_matroid,"[124, 334, 981, 55, 266, 1064, 1507, 4046, 2168, 1040, 1865, 258, 356, 3712, 4552, 2517, 4136, 130, 4026, 2719]",23330,25600,2270,1.4565933289995883,,,1,800,5,40,5,50,8,,4,5
cost_scaled_partition_matroid_lazy_greedy,"[2518, 266, 1064, 2297, 3712]",12525,12800,275,1.9430348310052068,,,1,800,5,40,5,50,8,,5,1
baseline_topk_matroid,"[124, 334, 981, 55, 266]",9950,11200,1250,1.430877608996525,,,1,800,5,40,5,50,8,,5,1
cost_scaled_partition_matroid_lazy_greedy,"[2518, 266, 1064, 2297, 3712, 4310, 1371, 996, 3125, 95]",19115,20000,885,1.9490505830035545,,,1,800,5,40,5,50,8,,5,2
baseline_topk_matroid,"[124, 334, 981, 55, 266, 1064, 1507, 4046, 1865, 258]",14525,16000,1475,1.5789199419959914,,,1,800,5,40,5,50,8,,5,2
cost_scaled_partition_matroid_lazy_greedy,"[2518, 266, 1064, 2297, 3712, 4310, 1371, 996, 3125, 370, 511, 1743, 1988, 2051, 4046]",22990,24000,1010,1.7582818170048995,,,1,800,5,40,5,50,8,,5,3
baseline_topk_matroid,"[124, 334, 981, 55, 266, 1064, 1507, 4046, 544, 2168, 1040, 1865, 258, 3125, 95]",18770,20800,2030,1.3797907150001265,,,1,800,5,40,5,50,8,,5,3
cost_scaled_partition_matroid_lazy_greedy,"[2518, 266, 1064, 2297, 3712, 4310, 1371, 996, 3125, 95, 370, 511, 1089, 1092, 1679, 1743, 1988, 4332, 4529, 1718]",26860,28000,1140,1.6137673789999099,,,1,800,5,40,5,50,8,,5,4
baseline_topk_matroid,"[124, 334, 981, 55, 266, 1064, 1507, 4046, 544, 2168, 1040, 1865, 258, 2609, 3125, 95, 2051, 4310, 2517, 1603]",22290,24800,2510,1.7481200979964342,,,1,800,5,40,5,50,8,,5,4
cost_scaled_partition_matroid_lazy_greedy,"[2518, 266, 1064, 2297, 3712, 4310, 1371, 996, 3125, 95, 370, 511, 1089, 1092, 1679, 1743, 1988, 3402, 4529, 1532, 2197, 1417, 2240, 3857, 14]",30620,32000,1380,2.1421622870038846,,,1,800,5,40,5,50,8,,5,5
baseline_topk_matroid,"[124, 334, 981, 55, 266, 1064, 1507, 4046, 544, 2168, 1040, 1865, 258, 95, 3712, 4552, 2517, 3713, 4136, 130, 4026, 2719, 2265, 4529, 2197]",26955,29600,2645,1.5434146339975996,,,1,800,5,40,5,50,8,,5,5
cost_scaled_partition_matroid_lazy_greedy,"[2518, 266, 1064, 2297, 3712, 4310]",14100,14400,300,1.7811122560015065,,,1,800,5,40,5,50,8,,6,1
baseline_topk_matroid,"[124, 334, 981, 55, 266, 1064]",11525,12800,1275,1.3422049029977643,,,1,800,5,40,5,50,8,,6,1
cost_scaled_partition_matroid_lazy_greedy,"[2518, 266, 1064, 2297, 3712, 4310, 1371, 996, 3125, 95, 370, 1092]",20665,21600,935,1.564383719000034,,,1,800,5,40,5,50,8,,6,2
baseline_topk_matroid,"[124, 334, 981, 55, 266, 1064, 1507, 4046, 544, 1865, 258, 3125]",16485,18400,1915,1.317971024000144,,,1,800,5,40,5,50,8,,6,2
cost_scaled_partition_matroid_lazy_greedy,"[2518, 266, 1064, 2297, 3712, 4310, 1371, 996, 3125, 95, 370, 511, 1089, 1743, 1988, 2051, 4046, 4332]",25315,26400,1085,1.596971778999432,,,1,800,5,40,5,50,8,,6,3
baseline_topk_matroid,"[124, 334, 981, 55, 266, 1064, 1507, 4046, 544, 2168, 1040, 1865, 258, 2609, 3125, 95, 3712, 4310]",21670,24000,2330,1.3244280720027746,,,1,800,5,40,5,50,8,,6,3
cost_scaled_partition_matroid_lazy_greedy,"[2518, 266, 1064, 2297, 3712, 4310, 1371, 996, 3125, 95, 370, 511, 1089, 1092, 1679, 1743, 1988, 3402, 4332, 4529, 1532, 2517, 2434, 2183]",29930,31200,1270,1.572151404005126,,,1,800,5,40,5,50,8,,6,4
baseline_topk_matroid,"[124, 334, 981, 55, 266, 1064, 1507, 4046, 544, 2168, 1040, 1865, 258, 2609, 3125, 95, 2051, 3712, 4310, 2517, 3713, 4551, 2719, 4109]",25585,28800,3215,1.3344196609978098,,,1,800,5,40,5,50,8,,6,4
cost_scaled_partition_matroid_lazy_greedy,"[2518, 266, 1064, 2297, 3712, 4310, 1371, 996, 3125, 95, 370, 511, 1089, 1092, 1679, 1743, 1988, 3402, 4332, 4529, 1532, 2197, 2517, 2434, 2183, 1417, 2240, 3857, 14, 1338]",34390,36000,1610,1.602575737000734,,,1,800,5,40,5,50,8,,6,5
baseline_topk_matroid,"[124, 334, 981, 55, 266, 1064, 1507, 4046, 544, 2168, 1040, 1865, 258, 2609, 95, 3712, 4552, 2517, 3713, 1371, 1241, 4136, 130, 2719, 4529, 2197, 2434, 190, 1417, 3857]",30765,33600,2835,1.3507387290010229,,,1,800,5,40,5,50,8,,6,5
cost_scaled_partition_matroid_lazy_greedy,"[2518, 266, 1064, 2297, 3712, 4310, 1371]",15625,16000,375,1.583621214995219,,,1,800,5,40,5,50,8,,7,1
baseline_topk_matroid,"[124, 334, 981, 55, 266, 1064, 1507]",12300,13600,1300,1.4149610949971247,,,1,800,5,40,5,50,8,,7,1
cost_scaled_partition_matroid_lazy_greedy,"[2518, 266, 1064, 2297, 3712, 4310, 1371, 996, 3125, 95, 370, 511, 1092, 1679]",22215,23200,985,1.7901972869949532,,,1,800,5,40,5,50,8,,7,2
baseline_topk_matroid,"[124, 334, 981, 55, 266, 1064, 1507, 4046, 544, 2168, 1865, 258, 3125, 95]",18820,20800,1980,1.436938546001329,,,1,800,5,40,5,50,8,,7,2
cost_scaled_partition_matroid_lazy_greedy,"[2518, 266, 1064, 2297, 3712, 4310, 1371, 996, 3125, 95, 370, 511, 1089, 1092, 1679, 1743, 1988, 4046, 4332, 4529, 1532]",27635,28800,1165,1.8790597309998702,,,1,800,5,40,5,50,8,,7,3
baseline_topk_matroid,"[124, 334, 981, 55, 266, 1064, 1507, 4046, 544, 2168, 1040, 1865, 258, 2609, 3125, 95, 2051, 3712, 4310, 3713, 1371]",23940,26400,2460,1.7523269860030268,,,1,800,5,40,5,50,8,,7,3
cost_scaled_partition_matroid_lazy_greedy,"[2518, 266, 1064, 2297, 3712, 4310, 1371, 996, 3125, 95, 370, 511, 1089, 1092, 1679, 1743, 1988, 3402, 4332, 4529, 1532, 2197, 2517, 2434, 2183, 950, 1937, 4490]",32950,34400,1450,2.0983432220018585,,,1,800,5,40,5,50,8,,7,4
baseline_topk_matroid,"[124, 334, 981, 55, 266, 1064, 1507, 4046, 544, 2168, 1040, 1865, 258, 2609, 3125, 95, 2051, 3712, 4310, 2517, 3713, 1371, 4136, 4551, 2719, 4464, 1679, 2197]",28555,32000,3445,1.5683119509994867,,,1,800,5,40,5,50,8,,7,4
cost_scaled_partition_matroid_lazy_greedy,"[2518, 266, 1064, 2297, 3712, 4310, 1371, 996, 3125, 95, 370, 511, 1089, 1092, 1679, 1743, 1988, 3402, 4332, 4529, 1532, 2197, 2517, 2434, 2183, 950, 1417, 1937, 3857, 14, 1401, 3663]",35420,37600,2180,1.8445887000052608,,,1,800,5,40,5,50,8,,7,5
baseline_topk_matroid,"[124, 334, 981, 55, 266, 1064, 1507, 4046, 544, 2168, 1040, 1865, 258, 2609, 3125, 95, 3712, 4552, 2517, 3713, 1371, 1241, 4136, 130, 2719, 1089, 1679, 4529, 2197, 2434, 1417, 3857, 14, 3663]",33005,36800,3795,1.6283988489958574,,,1,800,5,40,5,50,8,,7,5
cost_scaled_partition_matroid_lazy_greedy,"[2518, 266, 1064, 2297, 3712, 4310, 1371, 996]",17140,17600,460,2.1066929519947735,,,1,800,5,40,5,50,8,,8,1
baseline_topk_matroid,"[124, 334, 981, 55, 266, 1064, 1507, 4046]",13075,14400,1325,1.3348781890017563,,,1,800,5,40,5,50,8,,8,1
cost_scaled_partition_matroid_lazy_greedy,"[2518, 266, 1064, 2297, 3712, 4310, 1371, 996, 3125, 95, 370, 511, 1089, 1092, 1679, 1743]",23765,24800,1035,1.6141206550018978,,,1,800,5,40,5,50,8,,8,2
baseline_topk_matroid,"[124, 334, 981, 55, 266, 1064, 1507, 4046, 544, 2168, 1040, 1865, 258, 3125, 95, 2051]",19545,21600,2055,1.3298029970028438,,,1,800,5,40,5,50,8,,8,2
cost_scaled_partition_matroid_lazy_greedy,"[2518, 266, 1064, 2297, 3712, 4310, 1371, 996, 3125, 95, 370, 511, 1089, 1092, 1679, 1743, 1988, 3402, 4332, 4529, 1532, 2517, 2183, 950]",29915,31200,1285,1.5730123659959645,,,1,800,5,40,5,50,8,,8,3
baseline_topk_matroid,"[124, 334, 981, 55, 266, 1064, 1507, 4046, 544, 2168, 1040, 1865, 258, 2609, 3125, 95, 2051, 3712, 4310, 2517, 3713, 1371, 1241, 4136]",26130,28800,2670,1.3534163749936852,,,1,800,5,40,5,50,8,,8,3
cost_scaled_partition_matroid_lazy_greedy,"[2518, 266, 1064, 2297, 3712, 4310, 1371, 996, 3125, 95, 370, 511, 1089, 1092, 1679, 1743, 1988, 3402, 4332, 4529, 1532, 2197, 2517, 2434, 2183, 950, 1417, 1937, 3857, 4490, 14, 1401]",35870,37600,1730,1.5695607669986202,,,1,800,5,40,5,50,8,,8,4
baseline_topk_matroid,"[124, 334, 981, 55, 266, 1064, 1507, 4046, 544, 2168, 1040, 1865, 258, 2609, 3125, 95, 2051, 3712, 4310, 2517, 3713, 1371, 1241, 4136, 2719, 4464, 1089, 1679, 2197, 2434, 1417]",30865,34400,3535,1.4352995910012396,,,1,800,5,40,5,50,8,,8,4
cost_scaled_partition_matroid_lazy_greedy,"[2518, 266, 1064, 2297, 3712, 4310, 1371, 996, 3125, 95, 370, 511, 1089, 1092, 1679, 1743, 1988, 3402, 4332, 4529, 1532, 2197, 2517, 2434, 2183, 950, 1417, 1937, 3857, 4490, 14, 1401, 412, 3663]",36720,39200,2480,1.8086483189981664,,,1,800,5,40,5,50,8,,8,5
baseline_topk_matroid,"[124, 334, 981, 55, 266, 1064, 1507, 4046, 544, 2168, 1040, 1865, 258, 2609, 3125, 95, 2051, 3712, 4552, 2517, 3713, 1371, 1241, 4136, 2719, 1089, 1679, 4529, 2197, 2434, 1417, 3857, 4490, 14, 1401, 3663]",34560,38400,3840,1.8899163530004444,,,1,800,5,40,5,50,8,,8,5
cost_scaled_partition_matroid_lazy_greedy,"[2518, 266, 1064, 2297, 3712, 4310, 1371, 996, 3125]",18340,19200,860,1.9637693199983914,,,1,800,5,40,5,50,8,,9,1
baseline_topk_matroid,"[124, 334, 981, 55, 266, 1064, 1507, 4046, 544]",13835,15200,1365,1.4186532620005892,,,1,800,5,40,5,50,8,,9,1
cost_scaled_partition_matroid_lazy_greedy,"[2518, 266, 1064, 2297, 3712, 4310, 1371, 996, 3125, 95, 370, 511, 1089, 1092, 1679, 1743, 1988, 3402]",25315,26400,1085,1.952718004999042,,,1,800,5,40,5,50,8,,9,2
baseline_topk_matroid,"[124, 334, 981, 55, 266, 1064, 1507, 4046, 544, 2168, 1040, 1865, 258, 2609, 3125, 95, 2051, 4310]",20870,23200,2330,1.5531007789977593,,,1,800,5,40,5,50,8,,9,2
cost_scaled_partition_matroid_lazy_greedy,"[2518, 266, 1064, 2297, 3712, 4310, 1371, 996, 3125, 95, 370, 511, 1089, 1092, 1679, 1743, 1988, 3402, 4332, 4529, 1532, 2197, 2517, 2183, 950, 1417, 1937]",32185,33600,1415,1.6118335139981355,,,1,800,5,40,5,50,8,,9,3
baseline_topk_matroid,"[124, 334, 981, 55, 266, 1064, 1507, 4046, 544, 2168, 1040, 1865, 258, 2609, 3125, 95, 2051, 3712, 4310, 2517, 3713, 1371, 1241, 4136, 4304, 2719, 412]",27980,31200,3220,1.3899306500024977,,,1,800,5,40,5,50,8,,9,3
cost_scaled_partition_matroid_lazy_greedy,"[2518, 266, 1064, 2297, 3712, 4310, 1371, 996, 3125, 95, 370, 511, 1089, 1092, 1679, 1743, 1988, 3402, 4332, 4529, 1532, 2197, 2517, 2434, 2183, 950, 1417, 1937, 3857, 4490, 14, 1401, 412]",36420,38400,1980,1.6055086470005335,,,1,800,5,40,5,50,8,,9,4
baseline_topk_matroid,"[124, 334, 981, 55, 266, 1064, 1507, 4046, 544, 2168, 1040, 1865, 258, 2609, 3125, 95, 2051, 3712, 4310, 2517, 3713, 1371, 1241, 4136, 4304, 2719, 4464, 1089, 2197, 2434, 1417, 4091, 4490, 1401]",32970,36800,3830,1.468401971993444,,,1,800,5,40,5,50,8,,9,4
cost_scaled_partition_matroid_lazy_greedy,"[2518, 266, 1064, 2297, 3712, 4310, 1371, 996, 3125, 95, 370, 511, 1089, 1092, 1679, 1743, 1988, 3402, 4332, 4529, 1532, 2197, 2517, 2434, 2183, 950, 1417, 1937, 3857, 4490, 14, 1401, 412, 3663]",36720,39200,2480,2.0733588980001514,,,1,800,5,40,5,50,8,,9,5
baseline_topk_matroid,"[124, 334, 981, 55, 266, 1064, 1507, 4046, 544, 2168, 1040, 1865, 258, 2609, 3125, 95, 2051, 3712, 4310, 2517, 3713, 1371, 1241, 4136, 2719, 1089, 1679, 4529, 2197, 2434, 1417, 3857, 4490, 14, 1401, 3663]",34560,38400,3840,1.61597588800214,,,1,800,5,40,5,50,8,,9,5
cost_scaled_partition_matroid_lazy_greedy,"[2518, 266, 1064, 2297, 3712, 4310, 1371, 996, 3125, 95]",19115,20000,885,1.582584682997549,,,1,800,5,40,5,50,8,,10,1
baseline_topk_matroid,"[124, 334, 981, 55, 266, 1064, 1507, 4046, 544, 2168]",15395,16800,1405,1.3404384050008957,,,1,800,5,40,5,50,8,,10,1
cost_scaled_partition_matroid_lazy_greedy,"[2518, 266, 1064, 2297, 3712, 4310, 1371, 996, 3125, 95, 370, 511, 1089, 1092, 1679, 1743, 1988, 3402, 4332, 4529]",26865,28000,1135,1.6351611479985877,,,1,800,5,40,5,50,8,,10,2
baseline_topk_matroid,"[124, 334, 981, 55, 266, 1064, 1507, 4046, 544, 2168, 1040, 1865, 258, 2609, 3125, 95, 2051, 3712, 4310, 2517]",23215,25600,2385,1.4500720169962733,,,1,800,5,40,5,50,8,,10,2
cost_scaled_partition_matroid_lazy_greedy,"[2518, 266, 1064, 2297, 3712, 4310, 1371, 996, 3125, 95, 370, 511, 1089, 1092, 1679, 1743, 1988, 3402, 4332, 4529, 1532, 2197, 2517, 2434, 2183, 950, 1417, 1937, 3857, 412]",34250,36000,1750,1.8306910850005806,,,1,800,5,40,5,50,8,,10,3
baseline_topk_matroid,"[124, 334, 981, 55, 266, 1064, 1507, 4046, 544, 2168, 1040, 1865, 258, 2609, 3125, 95, 2051, 3712, 4310, 2517, 3713, 1371, 1241, 4136, 4304, 2719, 4403, 4464, 412]",28580,32800,4220,1.5683407799951965,,,1,800,5,40,5,50,8,,10,3
cost_scaled_partition_matroid_lazy_greedy,"[2518, 266, 1064, 2297, 3712, 4310, 1371, 996, 3125, 95, 370, 511, 1089, 1092, 1679, 1743, 1988, 3402, 4332, 4529, 1532, 2197, 2517, 2434, 2183, 950, 1417, 1937, 3857, 4490, 14, 1401, 412, 3663]",36720,39200,2480,1.7132448720003595,,,1,800,5,40,5,50,8,,10,4
baseline_topk_matroid,"[124, 334, 981, 55, 266, 1064, 1507, 4046, 544, 2168, 1040, 1865, 258, 2609, 3125, 95, 2051, 3712, 4310, 2517, 3713, 1371, 1241, 4136, 4304, 2719, 4403, 4464, 1089, 2197, 2434, 1417, 4091, 4490, 14]",33330,37600,4270,1.6103461319944472,,,1,800,5,40,5,50,8,,10,4
cost_scaled_partition_matroid_lazy_greedy,"[2518, 266, 1064, 2297, 3712, 4310, 1371, 996, 3125, 95, 370, 511, 1089, 1092, 1679, 1743, 1988, 3402, 4332, 4529, 1532, 2197, 2517, 2434, 2183, 950, 1417, 1937, 3857, 4490, 14, 1401, 412, 3663]",36720,39200,2480,1.6179517630007467,,,1,800,5,40,5,50,8,,10,5
baseline_topk_matroid,"[124, 334, 981, 55, 266, 1064, 1507, 4046, 544, 2168, 1040, 1865, 258, 2609, 3125, 95, 2051, 3712, 4310, 2517, 3713, 1371, 1241, 4136, 4304, 2719, 1089, 4529, 2197, 2434, 1417, 3857, 4490, 14, 1401, 3663]",34485,38400,3915,1.5716565049951896,,,1,800,5,40,5,50,8,,10,5
cost_scaled_partition_matroid_lazy_greedy,[85],4700,4800,100,1.60852713699569,,,1,800,5,40,5,50,9,,1,1
baseline_topk_matroid,[85],4700,4800,100,1.4052343829971505,,,1,800,5,40,5,50,9,,1,1
cost_scaled_partition_matroid_lazy_greedy,"[85, 9]",6275,6400,125,1.620716633995471,,,1,800,5,40,5,50,9,,1,2
baseline_topk_matroid,"[85, 9]",6275,6400,125,1.3727099149982678,,,1,800,5,40,5,50,9,,1,2
cost_scaled_partition_matroid_lazy_greedy,"[85, 9, 3216]",7840,8000,160,1.6698438090024865,,,1,800,5,40,5,50,9,,1,3
baseline_topk_matroid,"[85, 2508, 338]",7000,7200,200,1.378320210998936,,,1,800,5,40,5,50,9,,1,3
cost_scaled_partition_matroid_lazy_greedy,"[85, 9, 3211, 3772]",9410,9600,190,1.5826566840041778,,,1,800,5,40,5,50,9,,1,4
baseline_topk_matroid,"[85, 338, 9, 88]",8600,8800,200,1.3202302409990807,,,1,800,5,40,5,50,9,,1,4
cost_scaled_partition_matroid_lazy_greedy,"[85, 9, 3772, 338, 708]",10160,10400,240,1.6851508530016872,,,1,800,5,40,5,50,9,,1,5
baseline_topk_matroid,"[85, 2508, 4256, 9, 424]",7300,8000,700,1.3773760429976392,,,1,800,5,40,5,50,9,,1,5
cost_scaled_partition_matroid_lazy_greedy,"[85, 9]",6275,6400,125,1.6689823690030607,,,1,800,5,40,5,50,9,,2,1
baseline_topk_matroid,"[85, 2508]",5450,5600,150,1.4549415950023104,,,1,800,5,40,5,50,9,,2,1
cost_scaled_partition_matroid_lazy_greedy,"[85, 9, 3211, 3772]",9410,9600,190,1.6818011130017112,,,1,800,5,40,5,50,9,,2,2
baseline_topk_matroid,"[85, 2508, 9, 88]",7000,7200,200,1.381603472000279,,,1,800,5,40,5,50,9,,2,2
cost_scaled_partition_matroid_lazy_greedy,"[85, 9, 3211, 3772, 13, 88]",10960,11200,240,1.714375054994889,,,1,800,5,40,5,50,9,,2,3
baseline_topk_matroid,"[85, 2508, 338, 4555, 4256, 9]",8825,9600,775,1.4701255670006503,,,1,800,5,40,5,50,9,,2,3
cost_scaled_partition_matroid_lazy_greedy,"[85, 9, 3211, 3772, 338, 88, 375, 1219]",13285,13600,315,1.6545025969971903,,,1,800,5,40,5,50,9,,2,4
baseline_topk_matroid,"[85, 2508, 338, 9, 13, 88, 1095, 1931]",10870,11200,330,1.3918448439944768,,,1,800,5,40,5,50,9,,2,4
cost_scaled_partition_matroid_lazy_greedy,"[85, 9, 3211, 3772, 338, 1098, 88, 424, 708, 1095]",15610,16000,390,1.6857433149998542,,,1,800,5,40,5,50,9,,2,5
baseline_topk_matroid,"[85, 2508, 338, 4555, 4256, 9, 1095, 3211, 1931, 3772]",13505,14400,895,1.354749186000845,,,1,800,5,40,5,50,9,,2,5
cost_scaled_partition_matroid_lazy_greedy,"[85, 9, 3211]",7850,8000,150,1.606934663002903,,,1,800,5,40,5,50,9,,3,1
baseline_topk_matroid,"[85, 2508, 338]",7000,7200,200,1.3481602239990025,,,1,800,5,40,5,50,9,,3,1
cost_scaled_partition_matroid_lazy_greedy,"[85, 9, 3211, 3772, 338, 88]",11735,12000,265,1.6020625379969715,,,1,800,5,40,5,50,9,,3,2
baseline_topk_matroid,"[85, 2508, 338, 9, 88, 1095]",9325,9600,275,1.493338620995928,,,1,800,5,40,5,50,9,,3,2
cost_scaled_partition_matroid_lazy_greedy,"[85, 9, 3211, 3772, 338, 13, 88, 375, 1270]",14060,14400,340,1.7545371060041361,,,1,800,5,40,5,50,9,,3,3
baseline_topk_matroid,"[85, 2508, 338, 4555, 4256, 9, 13, 1095, 1270]",11150,12000,850,1.3971121089998633,,,1,800,5,40,5,50,9,,3,3
cost_scaled_partition_matroid_lazy_greedy,"[85, 9, 3211, 3772, 338, 1098, 88, 375, 708, 1558, 2780, 2831]",17160,17600,440,1.721612579000066,,,1,800,5,40,5,50,9,,3,4
baseline_topk_matroid,"[85, 2508, 338, 4555, 9, 13, 88, 1095, 1270, 1931, 3772, 1004]",14655,15200,545,1.3894625020038802,,,1,800,5,40,5,50,9,,3,4
cost_scaled_partition_matroid_lazy_greedy,"[85, 9, 3211, 3772, 338, 1098, 13, 88, 424, 708, 1095, 1132, 1534, 1558, 2780]",19485,20000,515,2.0810079380025854,,,1,800,5,40,5,50,9,,3,5
baseline_topk_matroid,"[85, 2508, 338, 4555, 4256, 9, 13, 88, 1095, 3211, 1931, 3772, 950, 1164, 374]",16755,18400,1645,1.714797227003146,,,1,800,5,40,5,50,9,,3,5
cost_scaled_partition_matroid_lazy_greedy,"[85, 9, 3211, 3772]",9410,9600,190,2.3682222989955335,,,1,800,5,40,5,50,9,,4,1
baseline_topk_matroid,"[85, 2508, 338, 4555]",7750,8000,250,1.7266550180065678,,,1,800,5,40,5,50,9,,4,1
cost_scaled_partition_matroid_lazy_greedy,"[85, 9, 3211, 3772, 338, 1098, 88, 375]",14060,14400,340,1.7435517350022565,,,1,800,5,40,5,50,9,,4,2
baseline_topk_matroid,"[85, 2508, 338, 4555, 9, 88, 1095, 1270]",10850,11200,350,1.3100009039990255,,,1,800,5,40,5,50,9,,4,2
cost_scaled_partition_matroid_lazy_greedy,"[85, 9, 3211, 3772, 338, 1098, 13, 88, 375, 424, 1270, 1755]",17160,17600,440,1.6299626550026005,,,1,800,5,40,5,50,9,,4,3
baseline_topk_matroid,"[85, 2508, 338, 4555, 4256, 9, 13, 88, 1095, 1270, 3006, 1931]",13470,14400,930,1.3392425719939638,,,1,800,5,40,5,50,9,,4,3
cost_scaled_partition_matroid_lazy_greedy,"[85, 9, 3211, 3772, 338, 1098, 13, 88, 375, 708, 1095, 1558, 2780, 2831, 3158, 3229]",20260,20800,540,2.3552680849970784,,,1,800,5,40,5,50,9,,4,4
baseline_topk_matroid,"[85, 2508, 338, 4555, 4256, 9, 13, 88, 1095, 1270, 3211, 1931, 3772, 1845, 3229, 3335]",18135,19200,1065,1.7052830789980362,,,1,800,5,40,5,50,9,,4,4
cost_scaled_partition_matroid_lazy_greedy,"[85, 9, 3211, 3772, 338, 1098, 13, 88, 375, 424, 708, 1095, 1132, 1534, 1558, 2780, 3158, 3229, 3335, 3791]",23360,24000,640,1.693257380000432,,,1,800,5,40,5,50,9,,4,5
baseline_topk_matroid,"[85, 2508, 338, 4555, 4256, 9, 13, 88, 1095, 1270, 3006, 3211, 1931, 3772, 950, 3785, 1164, 374, 2815, 708]",20130,22400,2270,1.3239141009980813,,,1,800,5,40,5,50,9,,4,5
cost_scaled_partition_matroid_lazy_greedy,"[85, 9, 3211, 3772, 338]",10960,11200,240,1.6484594689973164,,,1,800,5,40,5,50,9,,5,1
baseline_topk_matroid,"[85, 2508, 338, 4555, 4256]",8050,8800,750,1.455400496000948,,,1,800,5,40,5,50,9,,5,1
cost_scaled_partition_matroid_lazy_greedy,"[85, 9, 3211, 3772, 338, 1098, 13, 88, 375, 708]",15610,16000,390,1.6759858380028163,,,1,800,5,40,5,50,9,,5,2
baseline_topk_matroid,"[85, 2508, 338, 4555, 4256, 9, 88, 1095, 1270, 3211]",12725,13600,875,1.9749705769936554,,,1,800,5,40,5,50,9,,5,2
cost_scaled_partition_matroid_lazy_greedy,"[85, 9, 3211, 3772, 338, 1098, 13, 88, 375, 424, 708, 1132, 1270, 1762, 3482]",19485,20000,515,2.087996085996565,,,1,800,5,40,5,50,9,,5,3
baseline_topk_matroid,"[85, 2508, 338, 4555, 4256, 9, 13, 88, 1095, 1270, 3006, 3211, 1931, 3216, 3772]",17370,18400,1030,1.567623172995809,,,1,800,5,40,5,50,9,,5,3
cost_scaled_partition_matroid_lazy_greedy,"[85, 9, 3211, 3772, 338, 1098, 13, 88, 375, 424, 708, 1095, 1270, 1558, 2831, 3158, 3229, 3335, 3581, 3791]",23360,24000,640,2.0380747550007072,,,1,800,5,40,5,50,9,,5,4
baseline_topk_matroid,"[85, 2508, 338, 4555, 4256, 9, 13, 88, 1095, 1270, 3006, 3211, 3323, 1931, 3772, 950, 1098, 3229, 3335, 3581]",21205,22400,1195,1.4915373839976382,,,1,800,5,40,5,50,9,,5,4
cost_scaled_partition_matroid_lazy_greedy,"[85, 9, 3211, 3772, 338, 1098, 13, 88, 375, 424, 708, 1095, 1132, 1270, 1534, 1558, 3158, 3229, 3335, 3482, 3791, 4354, 808, 3833, 1185]",27140,28000,860,2.0053865190056968,,,1,800,5,40,5,50,9,,5,5
baseline_topk_matroid,"[85, 2508, 338, 4555, 4256, 9, 13, 88, 1095, 1270, 3006, 3211, 3323, 1931, 3772, 950, 3785, 1164, 374, 2815, 708, 1138, 1534, 3158, 3229]",23205,25600,2395,1.338215042000229,,,1,800,5,40,5,50,9,,5,5
cost_scaled_partition_matroid_lazy_greedy,"[85, 9, 3211, 3772, 338, 1098]",12510,12800,290,1.6416446849980275,,,1,800,5,40,5,50,9,,6,1
baseline_topk_matroid,"[85, 2508, 338, 4555, 4256, 9]",8825,9600,775,1.3030484300034004,,,1,800,5,40,5,50,9,,6,1
cost_scaled_partition_matroid_lazy_greedy,"[85, 9, 3211, 3772, 338, 1098, 13, 88, 375, 424, 708, 1095]",17160,17600,440,1.6235365140018985,,,1,800,5,40,5,50,9,,6,2
baseline_topk_matroid,"[85, 2508, 338, 4555, 4256, 9, 13, 88, 1095, 1270, 3211, 3323]",14275,15200,925,1.392160123999929,,,1,800,5,40,5,50,9,,6,2
cost_scaled_partition_matroid_lazy_greedy,"[85, 9, 3211, 3772, 338, 1098, 13, 88, 375, 424, 708, 1095, 1132, 1270, 1534, 1762, 3482, 3791]",21810,22400,590,2.1021006949958974,,,1,800,5,40,5,50,9,,6,3
baseline_topk_matroid,"[85, 2508, 338, 4555, 4256, 9, 13, 88, 1095, 1270, 3006, 3211, 3323, 1931, 3216, 3772, 950, 1164]",18745,20000,1255,1.3529450569985784,,,1,800,5,40,5,50,9,,6,3
cost_scaled_partition_matroid_lazy_greedy,"[85, 9, 3211, 3772, 338, 1098, 13, 88, 375, 424, 708, 1095, 1132, 1270, 1534, 1558, 3158, 3229, 3335, 3581, 3791, 4354, 4110, 442]",26363,27200,837,1.840122159999737,,,1,800,5,40,5,50,9,,6,4
baseline_topk_matroid,"[85, 2508, 338, 4555, 4256, 9, 13, 88, 1095, 1270, 3006, 3211, 3323, 1931, 3216, 3772, 950, 1098, 3785, 1072, 3229, 3335, 3581, 4156]",23245,24800,1555,1.332897126005264,,,1,800,5,40,5,50,9,,6,4
cost_scaled_partition_matroid_lazy_greedy,"[85, 9, 3211, 3772, 338, 1098, 13, 88, 375, 424, 708, 1095, 1132, 1270, 1534, 1558, 1711, 3229, 3335, 3482, 3791, 4354, 808, 3291, 3785, 3833, 1185, 1441, 3874, 1164]",30690,32000,1310,1.8460066800034838,,,1,800,5,40,5,50,9,,6,5
baseline_topk_matroid,"[85, 2508, 338, 4555, 4256, 9, 13, 88, 1095, 1270, 3006, 3211, 3323, 1931, 3216, 3772, 950, 3785, 1164, 374, 2815, 708, 1138, 1534, 1558, 3158, 3229, 3335, 3482, 3833]",27045,29600,2555,1.345102601997496,,,1,800,5,40,5,50,9,,6,5
cost_scaled_partition_matroid_lazy_greedy,"[85, 9, 3211, 3772, 338, 1098, 13]",13285,13600,315,1.8469369950034888,,,1,800,5,40,5,50,9,,7,1
baseline_topk_matroid,"[85, 2508, 338, 4555, 4256, 9, 13]",9600,10400,800,1.6030603390026954,,,1,800,5,40,5,50,9,,7,1
cost_scaled_partition_matroid_lazy_greedy,"[85, 9, 3211, 3772, 338, 1098, 13, 88, 375, 424, 708, 1095, 1132, 1270]",18710,19200,490,1.730516436000471,,,1,800,5,40,5,50,9,,7,2
baseline_topk_matroid,"[85, 2508, 338, 4555, 4256, 9, 13, 88, 1095, 1270, 3006, 3211, 3323, 1931]",15820,16800,980,1.3526478200001293,,,1,800,5,40,5,50,9,,7,2
cost_scaled_partition_matroid_lazy_greedy,"[85, 9, 3211, 3772, 338, 1098, 13, 88, 375, 424, 708, 1095, 1132, 1270, 1534, 1558, 3335, 3482, 3791, 4156, 808]",24110,24800,690,1.646471913001733,,,1,800,5,40,5,50,9,,7,3
baseline_topk_matroid,"[85, 2508, 338, 4555, 4256, 9, 13, 88, 1095, 1270, 3006, 3211, 3323, 1931, 3216, 3772, 950, 1098, 1164, 1072, 1219]",20820,22400,1580,1.3148880010048742,,,1,800,5,40,5,50,9,,7,3
cost_scaled_partition_matroid_lazy_greedy,"[85, 9, 3211, 3772, 338, 1098, 13, 88, 375, 424, 708, 1095, 1132, 1270, 1534, 1558, 1711, 3229, 3335, 3581, 3791, 4354, 566, 808, 4110, 1441, 848, 2815]",28775,30400,1625,1.660475470001984,,,1,800,5,40,5,50,9,,7,4
baseline_topk_matroid,"[85, 2508, 338, 4555, 4256, 9, 13, 88, 1095, 1270, 3006, 3211, 3323, 1931, 3216, 3772, 950, 1098, 3785, 1164, 1072, 374, 2815, 3229, 3335, 3581, 4156, 1913]",25265,28000,2735,1.5156139739992796,,,1,800,5,40,5,50,9,,7,4
cost_scaled_partition_matroid_lazy_greedy,"[85, 9, 3211, 3772, 338, 1098, 13, 88, 375, 424, 708, 1095, 1132, 1270, 1534, 1558, 1711, 3229, 3335, 3482, 3791, 4354, 566, 808, 3291, 3785, 1185, 1441, 3874, 4244, 1164, 2151, 975, 2815]",32605,35200,2595,2.051964082995255,,,1,800,5,40,5,50,9,,7,5
baseline_topk_matroid,"[85, 2508, 338, 4555, 4256, 9, 13, 88, 1095, 1270, 3006, 3211, 3323, 1931, 3216, 3772, 950, 1098, 3785, 1164, 374, 2815, 708, 1534, 1558, 3158, 3229, 3335, 3482, 3791, 808, 3833, 1185, 1441, 975]",30325,33600,3275,1.594892691995483,,,1,800,5,40,5,50,9,,7,5
cost_scaled_partition_matroid_lazy_greedy,"[85, 9, 3211, 3772, 338, 1098, 13, 88]",14060,14400,340,2.1211251149943564,,,1,800,5,40,5,50,9,,8,1
baseline_topk_matroid,"[85, 2508, 338, 4555, 4256, 9, 13, 88]",10375,11200,825,1.9583819640029105,,,1,800,5,40,5,50,9,,8,1
cost_scaled_partition_matroid_lazy_greedy,"[85, 9, 3211, 3772, 338, 1098, 13, 88, 375, 424, 708, 1095, 1132, 1270, 1534, 1558]",20260,20800,540,2.0220836840017,,,1,800,5,40,5,50,9,,8,2
baseline_topk_matroid,"[85, 2508, 338, 4555, 4256, 9, 13, 88, 1095, 1270, 3006, 3211, 3323, 1931, 3216, 3785]",17335,18400,1065,1.59260636199906,,,1,800,5,40,5,50,9,,8,2
cost_scaled_partition_matroid_lazy_greedy,"[85, 9, 3211, 3772, 338, 1098, 13, 88, 375, 424, 708, 1095, 1132, 1270, 1534, 1558, 1711, 3335, 3482, 3791, 4354, 808, 3291, 1618]",26335,27200,865,1.8930169219966047,,,1,800,5,40,5,50,9,,8,3
baseline_topk_matroid,"[85, 2508, 338, 4555, 4256, 9, 13, 88, 1095, 1270, 3006, 3211, 3323, 1931, 3216, 3772, 950, 1098, 3785, 1164, 1072, 374, 1219, 1534]",22645,24800,2155,1.3974168529966846,,,1,800,5,40,5,50,9,,8,3
cost_scaled_partition_matroid_lazy_greedy,"[85, 9, 3211, 3772, 338, 1098, 13, 88, 375, 424, 708, 1095, 1132, 1270, 1534, 1558, 1711, 3229, 3335, 3482, 3791, 4354, 566, 808, 3785, 4110, 1185, 1004, 1441, 848, 2815, 4412]",31255,33600,2345,2.069527804997051,,,1,800,5,40,5,50,9,,8,4
baseline_topk_matroid,"[85, 2508, 338, 4555, 4256, 9, 13, 88, 1095, 1270, 3006, 3211, 3323, 1931, 3216, 3772, 950, 1098, 3785, 1164, 1072, 374, 2626, 2815, 1219, 1711, 3229, 3335, 3581, 808, 3833, 1185]",27800,31200,3400,1.5195518050022656,,,1,800,5,40,5,50,9,,8,4
cost_scaled_partition_matroid_lazy_greedy,"[85, 9, 3211, 3772, 338, 1098, 13, 88, 375, 424, 708, 1095, 1132, 1270, 1534, 1558, 1711, 3229, 3335, 3482, 3791, 4354, 566, 808, 3291, 3785, 4110, 1185, 1441, 4244, 1164, 1933, 2151, 975, 374, 2815]",33505,36800,3295,1.9659925570013002,,,1,800,5,40,5,50,9,,8,5
baseline_topk_matroid,"[85, 2508, 338, 4555, 4256, 9, 13, 88, 1095, 1270, 3006, 3211, 3323, 1931, 3216, 3772, 950, 1098, 3785, 1164, 1072, 374, 2815, 708, 1534, 1558, 3158, 3229, 3335, 3482, 3791, 808, 3833, 1185, 1441, 3874, 848, 2151, 975]",32725,36800,4075,1.5495590829959838,,,1,800,5,40,5,50,9,,8,5
cost_scaled_partition_matroid_lazy_greedy,"[85, 9, 3211, 3772, 338, 1098, 13, 88, 375]",14835,15200,365,1.9234392529979232,,,1,800,5,40,5,50,9,,9,1
baseline_topk_matroid,"[85, 2508, 338, 4555, 4256, 9, 13, 88, 1095]",11150,12000,850,1.5591422340003191,,,1,800,5,40,5,50,9,,9,1
cost_scaled_partition_matroid_lazy_greedy,"[85, 9, 3211, 3772, 338, 1098, 13, 88, 375, 424, 708, 1095, 1132, 1270, 1534, 1558, 1711, 3229]",21810,22400,590,1.9382366110003204,,,1,800,5,40,5,50,9,,9,2
baseline_topk_matroid,"[85, 2508, 338, 4555, 4256, 9, 13, 88, 1095, 1270, 3006, 3211, 3323, 1931, 3216, 3772, 3785, 1164]",18745,20000,1255,1.4571135340011097,,,1,800,5,40,5,50,9,,9,2
cost_scaled_partition_matroid_lazy_greedy,"[85, 9, 3211, 3772, 338, 1098, 13, 88, 375, 424, 708, 1095, 1132, 1270, 1534, 1558, 1711, 3229, 3335, 3482, 3791, 4354, 808, 3291, 3833, 1618, 1072]",28410,29600,1190,2.1190148149980814,,,1,800,5,40,5,50,9,,9,3
baseline_topk_matroid,"[85, 2508, 338, 4555, 4256, 9, 13, 88, 1095, 1270, 3006, 3211, 3323, 1931, 3216, 3772, 950, 1098, 3785, 1164, 1072, 374, 2626, 2815, 1219, 3335, 2302]",24005,27200,3195,1.9813516659996822,,,1,800,5,40,5,50,9,,9,3
cost_scaled_partition_matroid_lazy_greedy,"[85, 9, 3211, 3772, 338, 1098, 13, 88, 375, 424, 708, 1095, 1132, 1270, 1534, 1558, 1711, 3229, 3335, 3482, 3791, 4354, 566, 808, 3291, 3785, 4110, 1185, 1441, 4244, 1773, 2815, 4412]",31705,34400,2695,2.083883398998296,,,1,800,5,40,5,50,9,,9,4
baseline_topk_matroid,"[85, 2508, 338, 4555, 4256, 9, 13, 88, 1095, 1270, 3006, 3211, 3323, 1931, 3216, 3772, 950, 1098, 3785, 1164, 1072, 374, 2626, 2815, 708, 1558, 1711, 3229, 3335, 3482, 3791, 808, 3833, 1185, 1618]",30050,33600,3550,2.0663636610042886,,,1,800,5,40,5,50,9,,9,4
cost_scaled_partition_matroid_lazy_greedy,"[85, 9, 3211, 3772, 338, 1098, 13, 88, 375, 424, 708, 1095, 1132, 1270, 1534, 1558, 1711, 3229, 3335, 3482, 3791, 4354, 566, 808, 3291, 3785, 4110, 1185, 1441, 4244, 1164, 1072, 1933, 2151, 975, 374, 2815]",34055,37600,3545,2.2557782500007306,,,1,800,5,40,5,50,9,,9,5
baseline_topk_matroid,"[85, 2508, 338, 4555, 4256, 9, 13, 88, 1095, 1270, 3006, 3211, 3323, 1931, 3216, 3772, 950, 1098, 3785, 1164, 1072, 374, 2626, 2815, 708, 1558, 3158, 3229, 3335, 3482, 3791, 808, 3833, 1185, 1441, 3874, 4244, 2151, 975]",32350,36800,4450,1.7067716629971983,,,1,800,5,40,5,50,9,,9,5
cost_scaled_partition_matroid_lazy_greedy,"[85, 9, 3211, 3772, 338, 1098, 13, 88, 375, 424]",15610,16000,390,1.6512327669988736,,,1,800,5,40,5,50,9,,10,1
baseline_topk_matroid,"[85, 2508, 338, 4555, 4256, 9, 13, 88, 1095, 1270]",11925,12800,875,1.8280107969985693,,,1,800,5,40,5,50,9,,10,1
cost_scaled_partition_matroid_lazy_greedy,"[85, 9, 3211, 3772, 338, 1098, 13, 88, 375, 424, 708, 1095, 1132, 1270, 1534, 1558, 1711, 3229, 3335, 3482]",23360,24000,640,1.924029904002964,,,1,800,5,40,5,50,9,,10,2
baseline_topk_matroid,"[85, 2508, 338, 4555, 4256, 9, 13, 88, 1095, 1270, 3006, 3211, 3323, 1931, 3216, 3772, 950, 3785, 1164, 2626]",19795,21600,1805,1.3846180940017803,,,1,800,5,40,5,50,9,,10,2
cost_scaled_partition_matroid_lazy_greedy,"[85, 9, 3211, 3772, 338, 1098, 13, 88, 375, 424, 708, 1095, 1132, 1270, 1534, 1558, 1711, 3229, 3335, 3482, 3791, 4354, 566, 808, 3291, 4110, 1185, 1618, 1072, 1933]",30455,32000,1545,1.6327492690033978,,,1,800,5,40,5,50,9,,10,3
baseline_topk_matroid,"[85, 2508, 338, 4555, 4256, 9, 13, 88, 1095, 1270, 3006, 3211, 3323, 1931, 3216, 3772, 950, 1098, 3785, 1164, 1072, 374, 2626, 2815, 708, 1762, 3335, 2302, 3833, 4110]",26280,29600,3320,1.3233386119973147,,,1,800,5,40,5,50,9,,10,3
cost_scaled_partition_matroid_lazy_greedy,"[85, 9, 3211, 3772, 338, 1098, 13, 88, 375, 424, 708, 1095, 1132, 1270, 1534, 1558, 1711, 3229, 3335, 3482, 3791, 4354, 566, 808, 3291, 3785, 4110, 1185, 1441, 4244, 1164, 1072, 2815]",32305,34400,2095,1.8415662549959961,,,1,800,5,40,5,50,9,,10,4
baseline_topk_matroid,"[85, 2508, 338, 4555, 4256, 9, 13, 88, 1095, 1270, 3006, 3211, 3323, 1931, 3216, 3772, 950, 1098, 3785, 1164, 1072, 374, 2626, 2815, 708, 1558, 1711, 3229, 3335, 3482, 3791, 566, 808, 4110, 1185, 1618, 2151]",31365,35200,3835,1.5829699430032633,,,1,800,5,40,5,50,9,,10,4
cost_scaled_partition_matroid_lazy_greedy,"[85, 9, 3211, 3772, 338, 1098, 13, 88, 375, 424, 708, 1095, 1132, 1270, 1534, 1558, 1711, 3229, 3335, 3482, 3791, 4354, 566, 808, 3291, 3785, 4110, 1185, 1441, 4244, 1164, 1072, 1933, 2151, 975, 374, 2815]",34055,37600,3545,1.8424213809994399,,,1,800,5,40,5,50,9,,10,5
baseline_topk_matroid,"[85, 2508, 338, 4555, 4256, 9, 13, 88, 1095, 1270, 3006, 3211, 3323, 1931, 3216, 3772, 950, 1098, 3785, 1164, 1072, 374, 2626, 2815, 708, 1558, 1711, 3229, 3335, 3482, 3791, 808, 3833, 1185, 1441, 3874, 4244, 1933, 2151, 975]",32900,37600,4700,1.7312418069996056,,,1,800,5,40,5,50,9,,10,5
