alg,sol,val,submodular_val,cost,runtime,error_epsilon,sample_epsilon,user_sample_ratio,scaling_factor,num_rare_skills,num_common_skills,num_popular_skills,num_sampled_skills,seed,k
distorted_greedy,[584],2300,2400,100,0.001678789034485817,,,0.001,800,5,30,2,50,6,
cost_scaled_greedy,[584],2300,2400,100,0.0012935640988871455,,,0.001,800,5,30,2,50,6,
cost_scaled_lazy_exact_greedy,[584],2300,2400,100,0.00043887505307793617,,,0.001,800,5,30,2,50,6,
unconstrained_linear,[584],2300,2400,100,0.0004164049169048667,,,0.001,800,5,30,2,50,6,
unconstrained_distorted_greedy,[584],2300,2400,100,0.0007036420283839107,,,0.001,800,5,30,2,50,6,
stochastic_distorted_greedy,"[1215, 584]",2250,2400,150,0.002630688017234206,,0.01,0.001,800,5,30,2,50,6,
distorted_greedy,"[1024, 1723, 4265, 338, 868, 2242, 3146, 3288, 3427, 1506, 446, 1098, 3208, 4188, 4401, 791, 1805, 695, 3510, 3364, 4270]",19625,23200,3575,15.974501108983532,,,0.1,800,5,40,5,50,6,
cost_scaled_greedy,"[1024, 1723, 4265, 338, 868, 2242, 3146, 3288, 3427, 1506, 446, 1098, 3208, 4188, 4401, 791, 1805, 695]",18580,20000,1420,14.591966395964846,,,0.1,800,5,40,5,50,6,
cost_scaled_lazy_exact_greedy,"[1024, 1723, 338, 4265, 868, 2242, 3146, 3288, 3427, 1506, 446, 1098, 3208, 855, 4401, 791, 1805, 695]",18580,20000,1420,0.02936229610349983,,,0.1,800,5,40,5,50,6,
unconstrained_linear,"[4098, 5, 18, 2097, 2123, 4188, 97, 103, 4265, 2242, 297, 4397, 338, 382, 4532, 695, 791, 1098, 3208, 3288, 3427, 1506]",17855,20000,2145,0.042763678007759154,,,0.1,800,5,40,5,50,6,
unconstrained_distorted_greedy,"[846, 1976, 2097, 1018, 4532, 3313, 1015, 712, 1381, 825, 338, 1159, 3288, 3208, 4265, 1682, 4188, 4270]",14075,16800,2725,0.08395553007721901,,,0.1,800,5,40,5,50,6,
stochastic_distorted_greedy,"[2705, 4561, 4563, 695, 338, 712, 558, 1506, 4089, 1098, 3208, 446, 1024, 4401, 4532, 2242, 2032, 3785, 4188, 3427, 3288, 791]",18245,20800,2555,0.4164614650653675,,0.01,0.1,800,5,40,5,50,6,
distorted_greedy,"[1232, 949, 4346, 4354, 1592, 3791, 960, 4547, 981, 3785, 686, 4136, 290, 297, 3054, 1409, 3773, 1972, 1761, 4563, 3050, 3364]",18535,21600,3065,62.91152864298783,,,0.2,800,5,40,5,50,6,
cost_scaled_greedy,"[1232, 949, 4346, 4354, 1592, 3791, 960, 4547, 981, 3785, 686, 4136, 290, 297, 3054, 1409, 3773, 1972, 1761]",17635,19200,1565,59.69141011999454,,,0.2,800,5,40,5,50,6,
cost_scaled_lazy_exact_greedy,"[1232, 949, 3054, 1592, 2750, 3427, 3791, 960, 981, 3785, 4547, 686, 290, 297, 1409, 3773, 4136, 1972, 1761]",17710,19200,1490,0.04183259594719857,,,0.2,800,5,40,5,50,6,
unconstrained_linear,"[2073, 29, 2078, 2079, 4136, 63, 4320, 4354, 280, 290, 297, 4414, 592, 686, 872, 960, 981, 3054, 1409, 3773, 3785, 1761, 1972]",16530,19200,2670,0.06034418009221554,,,0.2,800,5,40,5,50,6,
unconstrained_distorted_greedy,"[3145, 1625, 4354, 793, 1972, 623, 4547, 4042, 1761, 686, 485, 297, 592, 1592, 3054, 981, 290, 3785]",14265,16000,1735,0.178552774945274,,,0.2,800,5,40,5,50,6,
stochastic_distorted_greedy,"[1335, 4451, 2430, 4354, 410, 4231, 280, 1232, 686, 3054, 3785, 2750, 1761, 1409, 4136, 290, 592, 1972, 297, 4547, 3773, 960, 3364, 4563, 3050]",17955,21600,3645,0.7328882559668273,,0.01,0.2,800,5,40,5,50,6,
distorted_greedy,"[981, 2032, 4529, 833, 3211, 3833, 4532, 1447, 1504, 2432, 2712, 3630, 56, 1194, 2573, 3178, 369, 2145, 2473, 3080, 4004, 220, 1232, 2861, 1611, 3753, 2979, 313, 4438]",29615,32800,3185,140.11326758703217,,,0.3,800,5,40,5,50,6,
cost_scaled_greedy,"[981, 2032, 4529, 833, 3211, 3833, 4532, 1447, 1504, 2432, 2712, 3630, 56, 1194, 2573, 3178, 369, 2145, 2473, 3080, 4004, 220, 1232, 2861, 1611, 3753, 2979]",29215,31200,1985,132.6475262340391,,,0.3,800,5,40,5,50,6,
cost_scaled_lazy_exact_greedy,"[981, 2032, 4529, 833, 3211, 3833, 4532, 1447, 1504, 2432, 2712, 3630, 56, 1194, 2573, 3178, 369, 2145, 2473, 3080, 4004, 220, 1232, 2861, 1611, 3753, 2979]",29215,31200,1985,0.07557286904193461,,,0.3,800,5,40,5,50,6,
unconstrained_linear,"[5, 40, 50, 56, 85, 137, 182, 203, 218, 220, 338, 352, 369, 382, 410, 535, 576, 705, 729, 735, 981, 1194, 1209, 1232, 1611, 2098, 2145, 2473, 2712, 2979, 3178, 3630, 3753, 3833, 4004, 4532]",26681,31200,4519,0.12422014505136758,,,0.3,800,5,40,5,50,6,
unconstrained_distorted_greedy,"[4346, 994, 3441, 3178, 1999, 4031, 1171, 1895, 4019, 352, 3125, 2712, 1447, 569, 2979, 4320, 220, 182, 1611, 203, 705, 1442, 4004, 2473, 1232, 1194, 2098, 4532, 3833]",23581,27200,3619,0.3828715280396864,,,0.3,800,5,40,5,50,6,
stochastic_distorted_greedy,"[1645, 352, 833, 3222, 2297, 270, 981, 2443, 686, 2145, 2473, 2432, 3178, 3441, 2864, 3833, 2573, 705, 410, 182, 56, 3901, 1194, 2979, 2109, 3753, 3080, 220, 4532, 3630, 369, 4004, 1611, 313]",27860,32000,4140,1.2351322950562462,,0.01,0.3,800,5,40,5,50,6,
distorted_greedy,"[142, 622, 2287, 1120, 1517, 1988, 375, 856, 982, 1485, 2420, 2690, 3195, 4170, 636, 1753, 3603, 543, 911, 981, 3134, 2497, 3027, 2218, 401, 2448, 2626, 3050]",27120,30400,3280,252.37581561505795,,,0.4,800,5,40,5,50,6,
cost_scaled_greedy,"[142, 622, 2287, 1120, 1517, 1988, 375, 856, 982, 1485, 2420, 2690, 3195, 4170, 636, 1753, 3603, 543, 911, 981, 3134, 2497, 3027, 2218]",25920,27200,1280,235.70321356400382,,,0.4,800,5,40,5,50,6,
cost_scaled_lazy_exact_greedy,"[142, 622, 2287, 1120, 1517, 1988, 375, 856, 982, 1485, 2420, 2690, 3195, 4170, 636, 1753, 3603, 543, 911, 981, 3134, 2497, 3027, 2218]",25920,27200,1280,0.08762765710707754,,,0.4,800,5,40,5,50,6,
unconstrained_linear,"[21, 60, 81, 105, 106, 133, 142, 203, 218, 266, 375, 376, 487, 509, 543, 583, 636, 856, 911, 961, 981, 1120, 1485, 1753, 1988, 2287, 2497, 3027, 3134, 3603, 4170]",24311,26400,2089,0.11890952801331878,,,0.4,800,5,40,5,50,6,
unconstrained_distorted_greedy,"[3833, 266, 4383, 4480, 1804, 1705, 2163, 3603, 1640, 3599, 1914, 1485, 1747, 543, 4165, 2297, 1818, 1753, 2687, 961, 3368, 2060, 2218, 3050, 636, 2201, 1120, 4170, 3027]",20526,24000,3474,0.5218574090395123,,,0.4,800,5,40,5,50,6,
stochastic_distorted_greedy,"[4461, 4354, 1774, 804, 1988, 681, 376, 4420, 2060, 509, 961, 543, 2531, 4532, 2429, 1914, 982, 3603, 4098, 3027, 636, 1753, 911, 4372, 4313, 981, 142, 3134, 4170, 2218, 2626, 2448, 401, 1120, 3050]",25435,30400,4965,1.7448965880321339,,0.01,0.4,800,5,40,5,50,6,
distorted_greedy,"[4552, 4077, 833, 2473, 266, 4098, 154, 222, 813, 982, 1120, 1963, 1988, 2947, 3007, 3553, 3740, 3878, 3892, 3910, 2987, 1753, 340, 4004, 2217, 220, 297, 1475, 3773, 2862, 2270, 245]",30515,32800,2285,390.81808329804335,,,0.5,800,5,40,5,50,6,
cost_scaled_greedy,"[4552, 4077, 4428, 833, 266, 4098, 154, 399, 813, 982, 1120, 1963, 1988, 2947, 3007, 3553, 3740, 3878, 3892, 3910, 2987, 1753, 340, 4004, 2217, 220, 1475, 3773, 2862, 2270]",29965,32000,2035,363.1822558910353,,,0.5,800,5,40,5,50,6,
cost_scaled_lazy_exact_greedy,"[4552, 4077, 4428, 833, 266, 4098, 154, 399, 813, 982, 1120, 1963, 1988, 2947, 3007, 3553, 3740, 3878, 3892, 3910, 2987, 1753, 340, 4004, 2217, 220, 1475, 3773, 2862, 2270]",29965,32000,2035,0.09757931402418762,,,0.5,800,5,40,5,50,6,
unconstrained_linear,"[12, 21, 40, 55, 60, 85, 154, 157, 164, 197, 220, 222, 266, 271, 288, 297, 340, 399, 495, 509, 583, 781, 813, 882, 982, 1475, 1707, 1753, 1777, 1915, 2497, 2638, 2862, 3007, 3268, 3773, 3892, 4004, 4077]",28212,32000,3788,0.14920342504046857,,,0.5,800,5,40,5,50,6,
unconstrained_distorted_greedy,"[4413, 2608, 2134, 2432, 2279, 1323, 3993, 2746, 2810, 2344, 1705, 142, 3033, 1475, 3244, 399, 273, 4298, 3468, 1753, 40, 3892, 4098, 3773, 3056, 297, 2216, 982, 2270, 4077, 3910, 2217, 4428, 2906]",25400,28800,3400,0.6908732370939106,,,0.5,800,5,40,5,50,6,
stochastic_distorted_greedy,"[499, 4328, 2168, 2070, 220, 3564, 2746, 2005, 4394, 583, 1571, 1999, 1777, 3910, 2148, 4327, 3887, 982, 509, 2694, 584, 3773, 3770, 4077, 2906, 266, 157, 2169, 340, 4539, 1359, 495, 3553, 2497, 2609, 2862, 3892, 1753, 4004]",28106,32000,3894,2.210256524034776,,0.01,0.5,800,5,40,5,50,6,
distorted_greedy,"[6, 896, 2032, 2498, 2496, 4098, 4469, 208, 356, 434, 753, 769, 1064, 1512, 1648, 2116, 2420, 2490, 3146, 3211, 3919, 1532, 3763, 981, 2384, 4241, 1079, 266, 387, 1700, 670, 758, 318]",33830,36000,2170,552.2156344049145,,,0.6,800,5,40,5,50,6,
cost_scaled_greedy,"[6, 896, 2032, 2498, 2496, 4098, 4469, 208, 356, 434, 753, 769, 1064, 1512, 1648, 2116, 2420, 2490, 3146, 3211, 3919, 1532, 3763, 981, 2384, 4241, 1079, 266, 387, 1700, 670, 758, 318]",33830,36000,2170,497.6886319350451,,,0.6,800,5,40,5,50,6,
cost_scaled_lazy_exact_greedy,"[6, 896, 2032, 2498, 2496, 4098, 4469, 208, 356, 434, 753, 769, 1064, 1512, 1648, 2116, 2420, 2490, 3146, 3211, 3919, 1532, 3763, 981, 2384, 4241, 1079, 266, 387, 1700, 670, 758, 318]",33830,36000,2170,0.12586972408462316,,,0.6,800,5,40,5,50,6,
unconstrained_linear,"[3, 6, 29, 55, 63, 140, 168, 222, 266, 318, 342, 363, 387, 434, 502, 670, 705, 753, 758, 767, 769, 928, 1064, 1079, 1124, 1214, 1239, 1324, 1348, 1700, 2011, 2116, 2384, 2459, 2490, 2656, 3763, 4098]",31450,36000,4550,0.16686107101850212,,,0.6,800,5,40,5,50,6,
unconstrained_distorted_greedy,"[2616, 2705, 2073, 1514, 1983, 2770, 2747, 2345, 1790, 4098, 1438, 2490, 536, 3687, 1995, 2476, 705, 1079, 1648, 2641, 3763, 387, 1781, 4524, 3919, 670, 1972, 266, 4250, 3129, 1064, 2365, 2648, 4482, 3837, 2656, 2384, 1700, 1239, 318]",29845,33600,3755,0.88033253303729,,,0.6,800,5,40,5,50,6,
stochastic_distorted_greedy,"[410, 3146, 833, 1514, 3823, 1380, 1176, 1495, 3201, 2032, 1650, 3424, 4411, 2814, 769, 3393, 2774, 4224, 6, 318, 3211, 2130, 2496, 1700, 2006, 3147, 2330, 502, 4113, 3763, 3866, 767, 758, 4098, 4469, 387, 2116, 1079, 1064, 2420, 670, 2384]",32353,36000,3647,2.7014433461008593,,0.01,0.6,800,5,40,5,50,6,
distorted_greedy,"[622, 2806, 1604, 981, 1762, 3581, 2598, 1322, 36, 222, 289, 574, 833, 2345, 2451, 703, 3111, 1098, 3037, 3254, 4004, 410, 791, 2815, 3389]",32196,34400,2204,709.1622366820229,,,0.7,800,5,40,5,50,6,
cost_scaled_greedy,"[622, 2806, 1604, 981, 1762, 3581, 2598, 1322, 36, 222, 289, 574, 833, 2345, 2451, 703, 3111, 1098, 3037, 3254, 4004, 410, 791]",31596,32800,1204,662.0157405639766,,,0.7,800,5,40,5,50,6,
cost_scaled_lazy_exact_greedy,"[622, 2806, 1604, 981, 1762, 3581, 2598, 1322, 36, 222, 289, 574, 833, 2345, 2451, 703, 3111, 1098, 3037, 3254, 4004, 410, 791]",31596,32800,1204,0.26512122503481805,,,0.7,800,5,40,5,50,6,
unconstrained_linear,"[0, 4, 6, 7, 21, 30, 36, 55, 74, 110, 113, 115, 194, 195, 222, 289, 410, 509, 571, 574, 619, 703, 791, 958, 981, 989, 1041, 1098, 1322, 1604, 2302, 2416, 3037, 3111, 4004]",29796,32800,3004,0.28084240399766713,,,0.7,800,5,40,5,50,6,
unconstrained_distorted_greedy,"[4497, 2306, 4128, 2034, 2145, 2438, 2060, 2997, 4305, 3089, 3254, 550, 1745, 1490, 1689, 1780, 1392, 2324, 195, 2608, 683, 3381, 1802, 3052, 4532, 1048, 1334, 571, 1700, 3921, 3839, 410, 3111, 3037]",24686,29600,4914,1.3342184139182791,,,0.7,800,5,40,5,50,6,
stochastic_distorted_greedy,"[2191, 154, 2744, 1723, 3667, 1246, 289, 4507, 4268, 4543, 1802, 1322, 214, 3581, 634, 3753, 4079, 3390, 4238, 2345, 4009, 3052, 3111, 4532, 981, 3254, 3037, 4004, 791, 703, 1604, 3389, 410, 2815]",30712,34400,3688,3.9365129079669714,,0.01,0.7,800,5,40,5,50,6,
distorted_greedy,"[55, 619, 3944, 2442, 3756, 900, 1430, 2486, 3033, 771, 833, 856, 1070, 1071, 1447, 1690, 2368, 3521, 2031, 2720, 3876, 2434, 340, 2476, 3443, 3785, 4555, 2542, 2861, 758, 780, 2933]",34640,37600,2960,924.1595870190067,,,0.8,800,5,40,5,50,6,
cost_scaled_greedy,"[55, 619, 3944, 2442, 3756, 900, 1430, 2486, 3033, 771, 833, 856, 1070, 1071, 1447, 1690, 2368, 3521, 2031, 2720, 3876, 2434, 340, 2476, 3443, 3785, 4555, 2542, 2861, 758]",34040,36000,1960,864.7995073689381,,,0.8,800,5,40,5,50,6,
cost_scaled_lazy_exact_greedy,"[55, 619, 3944, 2442, 3756, 900, 1430, 2486, 3033, 771, 833, 856, 1070, 1071, 1447, 1690, 2368, 3521, 2031, 2720, 3876, 2434, 340, 2476, 3443, 3785, 4555, 2542, 2861, 758]",34040,36000,1960,0.14210883202031255,,,0.8,800,5,40,5,50,6,
unconstrained_linear,"[6, 7, 34, 36, 40, 50, 55, 107, 111, 133, 165, 266, 294, 333, 340, 369, 492, 527, 580, 619, 758, 772, 780, 816, 856, 863, 1070, 1071, 1487, 1770, 1897, 2031, 2380, 2434, 2476, 2542, 2564, 2861, 2862, 3033, 3756, 3785]",31742,36800,5058,0.22196820995304734,,,0.8,800,5,40,5,50,6,
unconstrained_distorted_greedy,"[2634, 2512, 1349, 2858, 2579, 935, 1548, 1448, 4443, 1995, 2644, 3214, 771, 3089, 589, 3866, 2862, 4300, 334, 285, 758, 1546, 1589, 36, 4555, 3876, 3633, 2564, 2861, 3269, 1656, 2476, 333, 1622, 780, 340, 3756]",26849,31200,4351,1.3922128829872236,,,0.8,800,5,40,5,50,6,
stochastic_distorted_greedy,"[3054, 776, 2429, 1690, 1798, 142, 4508, 4408, 2205, 1702, 2368, 34, 133, 4310, 398, 4486, 4481, 2250, 4437, 619, 3422, 856, 1071, 2225, 780, 4555, 340, 3287, 1897, 772, 2843, 4337, 3033, 2031, 758, 2380, 725, 2434, 3785, 2861, 2476, 3756, 2933]",32816,37600,4784,4.043689129059203,,0.01,0.8,800,5,40,5,50,6,
distorted_greedy,"[21, 36, 3140, 7, 154, 1430, 3213, 1640, 112, 222, 356, 833, 974, 1057, 1104, 1115, 1120, 1122, 1485, 1982, 2107, 2804, 3202, 3402, 3688, 4049, 4354, 1375, 3037, 3291, 3804, 3092, 1241, 1295, 2043, 1631]",38120,40000,1880,1169.728380128974,,,0.9,800,5,40,5,50,6,
cost_scaled_greedy,"[21, 36, 3140, 7, 154, 1430, 3213, 1640, 112, 222, 356, 833, 974, 1057, 1104, 1115, 1120, 1122, 1485, 1982, 2107, 2804, 3202, 3402, 3688, 4049, 4354, 1375, 3037, 3291, 3804, 3092, 1241, 1295, 2043]",37820,39200,1380,1090.4631965529406,,,0.9,800,5,40,5,50,6,
cost_scaled_lazy_exact_greedy,"[21, 36, 3140, 7, 154, 1430, 3213, 1640, 112, 222, 356, 833, 974, 1057, 1104, 1115, 1120, 1122, 1485, 1982, 2107, 2804, 3202, 3402, 3688, 4049, 4354, 1375, 3037, 3291, 3804, 3092, 1241, 1295, 2043]",37820,39200,1380,0.17977180099114776,,,0.9,800,5,40,5,50,6,
unconstrained_linear,"[4, 6, 7, 13, 14, 21, 23, 31, 36, 55, 92, 105, 112, 118, 126, 144, 154, 182, 194, 222, 329, 338, 376, 429, 509, 510, 754, 950, 974, 981, 998, 1012, 1115, 1122, 1241, 1295, 1375, 1982, 2043, 2153, 2681, 3037, 3202, 3402, 3804]",35700,39200,3500,0.2494732979685068,,,0.9,800,5,40,5,50,6,
unconstrained_distorted_greedy,"[2406, 3986, 4526, 3786, 1139, 2443, 2007, 932, 1999, 2583, 3092, 1640, 1006, 3815, 7, 619, 1517, 4482, 3202, 2256, 1400, 182, 3365, 31, 4486, 3777, 950, 2302, 2804, 2693, 3402, 4532, 882, 3518, 2297, 3374, 2176, 3037, 2979, 1115, 4027, 2153, 974, 1631, 3804, 1295]",33345,38400,5055,1.8851886061020195,,,0.9,800,5,40,5,50,6,
stochastic_distorted_greedy,"[2936, 4238, 2051, 2020, 1694, 213, 440, 4484, 2013, 2251, 4079, 994, 1241, 4482, 3853, 3967, 1104, 21, 429, 489, 2451, 1339, 3865, 153, 1915, 974, 824, 2608, 2176, 1172, 1485, 4256, 179, 2906, 1115, 3202, 2267, 2689, 4218, 4027, 3140, 3037, 1295, 3402, 950, 2681, 1375, 1631, 3804]",35355,40000,4645,5.563085035071708,,0.01,0.9,800,5,40,5,50,6,
distorted_greedy,"[161, 1762, 3020, 4525, 856, 1636, 1618, 758, 24, 88, 210, 766, 923, 1070, 1447, 2176, 3173, 3282, 3525, 4049, 4113, 4466, 3122, 1753, 543, 4004, 4235, 4382, 2273, 297, 1102, 2458, 3159, 721, 3723, 1933]",36030,38400,2370,1441.0843705120496,,,1.0,800,5,40,5,50,6,
cost_scaled_greedy,"[161, 1762, 3020, 4525, 856, 1636, 1618, 758, 24, 88, 210, 766, 923, 1070, 1447, 2176, 3173, 3282, 3525, 4049, 4113, 4466, 3122, 1753, 543, 4004, 4235, 4382, 2273, 297, 1102, 2458, 3159, 721, 3723, 1933]",36030,38400,2370,1347.0137515430106,,,1.0,800,5,40,5,50,6,
cost_scaled_lazy_exact_greedy,"[161, 1762, 3020, 4525, 856, 1636, 1618, 758, 24, 88, 210, 766, 923, 1070, 1447, 2176, 3173, 3282, 3525, 4049, 4113, 4466, 3122, 1753, 543, 4004, 4235, 4382, 2273, 297, 1102, 2458, 3159, 721, 3723, 1933]",36030,38400,2370,0.2417470960645005,,,1.0,800,5,40,5,50,6,
unconstrained_linear,"[5, 12, 24, 34, 39, 55, 56, 62, 69, 88, 97, 105, 120, 153, 157, 161, 194, 297, 382, 419, 517, 543, 554, 721, 758, 877, 1070, 1102, 1123, 1430, 1438, 1447, 1625, 1636, 1753, 1757, 1762, 1897, 1933, 2176, 2458, 3122, 3525, 3723, 4004, 4113]",33415,38400,4985,0.3736429839627817,,,1.0,800,5,40,5,50,6,
unconstrained_distorted_greedy,"[4538, 2001, 2486, 2044, 4281, 3155, 3323, 518, 3853, 2273, 2900, 2397, 3629, 2229, 2000, 1160, 1636, 3901, 3822, 1177, 2508, 4235, 4382, 3723, 2906, 62, 3610, 3575, 3336, 4424, 3335, 758, 1438, 4004, 3269, 721, 543, 517, 3185, 1102, 297, 3122, 4497]",29073,34400,5327,2.0098237859783694,,,1.0,800,5,40,5,50,6,
stochastic_distorted_greedy,"[2747, 3629, 4543, 120, 1019, 3069, 2229, 772, 39, 4188, 1574, 382, 1779, 3525, 3896, 3566, 122, 24, 297, 1753, 236, 3336, 2809, 2233, 721, 2792, 2775, 4530, 3280, 4305, 1010, 3995, 1757, 543, 1102, 1447, 1933, 517, 877, 3335, 554, 3723, 4004, 4113, 1762, 758, 3122]",33910,38400,4490,5.6226325270254165,,0.01,1.0,800,5,40,5,50,6,
distorted_greedy,[1770],600,800,200,0.0016052969731390476,,,0.001,800,5,16,1,50,7,
cost_scaled_greedy,[1770],600,800,200,0.001442702952772379,,,0.001,800,5,16,1,50,7,
cost_scaled_lazy_exact_greedy,[1770],600,800,200,0.0003338269889354706,,,0.001,800,5,16,1,50,7,
unconstrained_linear,[1770],600,800,200,0.0003672559978440404,,,0.001,800,5,16,1,50,7,
unconstrained_distorted_greedy,[1770],600,800,200,0.0006715030176565051,,,0.001,800,5,16,1,50,7,
stochastic_distorted_greedy,[1770],600,800,200,0.0024108459474518895,,0.01,0.001,800,5,16,1,50,7,
distorted_greedy,"[356, 1078, 231, 2333, 4396, 511, 3350, 3383, 3417, 909, 2589, 1457, 2687, 4, 4346, 3087, 1409, 1163, 358]",17661,19200,1539,14.946776757016778,,,0.1,800,5,40,5,50,7,
cost_scaled_greedy,"[356, 1078, 231, 2333, 4396, 511, 3350, 3383, 3417, 909, 2589, 1457, 2687, 4, 4346, 3087, 1409, 1163]",17361,18400,1039,13.409296163008548,,,0.1,800,5,40,5,50,7,
cost_scaled_lazy_exact_greedy,"[356, 1078, 231, 511, 1965, 2333, 3383, 3417, 4396, 909, 2589, 1457, 2687, 4, 1409, 3087, 4346, 1163]",17361,18400,1039,0.021548180026002228,,,0.1,800,5,40,5,50,7,
unconstrained_linear,"[4, 4151, 4198, 2174, 4306, 4313, 4314, 2265, 4346, 2333, 4395, 4396, 2397, 356, 511, 909, 3083, 1078, 1163, 1409, 1457]",16150,18400,2250,0.028693937929347157,,,0.1,800,5,40,5,50,7,
unconstrained_distorted_greedy,"[3611, 4016, 3247, 3313, 4313, 511, 2333, 909, 2570, 4346, 1701, 3350, 1078, 3863, 2265, 1163, 2397, 1457, 3200, 4, 4314]",14495,16800,2305,0.06416475609876215,,,0.1,800,5,40,5,50,7,
stochastic_distorted_greedy,"[3918, 761, 1283, 4313, 3863, 2589, 356, 3087, 3331, 4, 1457, 2369, 3383, 909, 1163, 511, 2333, 4395, 4396, 1978, 3083, 358, 1409]",16910,19200,2290,0.28907104302197695,,0.01,0.1,800,5,40,5,50,7,
distorted_greedy,"[4395, 622, 3417, 3306, 3552, 3331, 115, 2227, 860, 1143, 3566, 131, 4016, 3468, 2455, 584, 1617, 2304, 439, 1550, 1682]",19115,22400,3285,58.18600244203117,,,0.2,800,5,40,5,50,7,
cost_scaled_greedy,"[4395, 622, 3417, 3306, 3552, 3331, 115, 2227, 860, 1143, 3566, 131, 4016, 3468, 2455, 584, 1617]",17915,19200,1285,53.68800450395793,,,0.2,800,5,40,5,50,7,
cost_scaled_lazy_exact_greedy,"[4395, 622, 3417, 3306, 3552, 3331, 115, 860, 1143, 2227, 3566, 131, 4016, 3468, 584, 1617, 2455]",17915,19200,1285,0.03986674908082932,,,0.2,800,5,40,5,50,7,
unconstrained_linear,"[4, 28, 2106, 95, 115, 131, 2227, 2270, 4346, 4395, 4463, 2455, 584, 2635, 860, 1143, 1146, 3331, 3417, 3468, 3566, 1544, 1617]",17145,19200,2055,0.056389331934042275,,,0.2,800,5,40,5,50,7,
unconstrained_distorted_greedy,"[213, 2168, 4346, 473, 4242, 4395, 4463, 3876, 3598, 2027, 1544, 3417, 3566, 860, 1617, 115, 195, 3468, 3331, 2304, 1682, 1143, 2455]",16790,20000,3210,0.15746289992239326,,,0.2,800,5,40,5,50,7,
stochastic_distorted_greedy,"[1849, 3831, 1440, 961, 1544, 1095, 2794, 1598, 4463, 860, 3552, 1143, 584, 3566, 3331, 1690, 2455, 131, 1617, 3417, 115, 1550, 2304, 3468]",18110,21600,3490,0.8649345089215785,,0.01,0.2,800,5,40,5,50,7,
distorted_greedy,"[4555, 547, 4147, 190, 962, 30, 823, 1143, 1527, 1647, 1831, 4552, 3763, 2699, 4425, 4507, 2850, 98, 1893, 4083, 4357, 278, 2129, 2933, 1949]",23655,27200,3545,130.3439728410449,,,0.3,800,5,40,5,50,7,
cost_scaled_greedy,"[4555, 547, 4147, 190, 962, 30, 823, 1143, 1527, 1647, 1831, 4552, 3763, 2699, 4425, 4507, 2850, 98, 1893, 4083, 4357]",22705,24000,1295,123.12486376601737,,,0.3,800,5,40,5,50,7,
cost_scaled_lazy_exact_greedy,"[4555, 547, 4147, 190, 962, 30, 823, 1143, 1527, 1647, 1831, 4552, 3763, 2699, 4425, 4507, 2850, 98, 1893, 4083, 4357]",22705,24000,1295,0.07005867699626833,,,0.3,800,5,40,5,50,7,
unconstrained_linear,"[4, 30, 98, 124, 186, 190, 219, 268, 278, 339, 356, 419, 539, 582, 823, 1085, 1096, 1140, 1143, 1181, 1210, 1831, 1893, 2699, 3763, 4357, 4507]",21325,24800,3475,0.08423614094499499,,,0.3,800,5,40,5,50,7,
unconstrained_distorted_greedy,"[2294, 3830, 1210, 3456, 1795, 1670, 375, 4530, 1334, 339, 1115, 1015, 1181, 4355, 419, 3541, 4555, 4357, 98, 1527, 4507, 278, 1831, 2129, 823, 4458, 2234]",19470,23200,3730,0.2997104619862512,,,0.3,800,5,40,5,50,7,
stochastic_distorted_greedy,"[2850, 961, 190, 504, 1375, 868, 1557, 4391, 2896, 1085, 2511, 1661, 3331, 30, 2930, 3099, 1831, 4357, 1644, 962, 1143, 3763, 4507, 823, 2699, 98, 1893, 4425, 2909, 1181, 278, 2933]",22195,26400,4205,1.0741723909741268,,0.01,0.3,800,5,40,5,50,7,
distorted_greedy,"[1858, 932, 1095, 2280, 4314, 4275, 289, 761, 2463, 3132, 3566, 3878, 4396, 4473, 1506, 2054, 4004, 4382, 98, 1197, 3866, 4232, 3812, 414, 2350, 4138]",25495,28000,2505,232.75306656199973,,,0.4,800,5,40,5,50,7,
cost_scaled_greedy,"[1858, 932, 1095, 2280, 4314, 4275, 289, 761, 2463, 3132, 3566, 3878, 4396, 4473, 1506, 2054, 4004, 4382, 98, 1197, 3866, 4232, 3812, 414]",24895,26400,1505,218.3612976759905,,,0.4,800,5,40,5,50,7,
cost_scaled_lazy_exact_greedy,"[1858, 932, 1095, 2280, 4314, 4275, 289, 761, 2463, 3132, 3566, 3878, 4396, 4473, 1506, 2054, 4004, 4382, 98, 1197, 3866, 4232, 3812, 414]",24895,26400,1505,0.08107135607860982,,,0.4,800,5,40,5,50,7,
unconstrained_linear,"[9, 12, 30, 32, 98, 151, 158, 161, 180, 184, 237, 289, 317, 339, 414, 487, 571, 897, 932, 1050, 1197, 1430, 1506, 1763, 2054, 2775, 3132, 3566, 3812, 3866, 4004, 4396]",23285,26400,3115,0.11289982800371945,,,0.4,800,5,40,5,50,7,
unconstrained_distorted_greedy,"[3763, 1197, 2659, 4527, 2712, 1700, 2328, 1718, 4473, 2001, 1543, 836, 2386, 3185, 487, 4275, 2270, 4302, 3812, 4314, 3331, 2775, 3866, 1506, 98]",19955,23200,3245,0.4743233210174367,,,0.4,800,5,40,5,50,7,
stochastic_distorted_greedy,"[1851, 4243, 2066, 3669, 2228, 689, 3085, 3382, 486, 571, 3738, 3104, 4561, 4527, 1050, 1095, 961, 3566, 2054, 4396, 2916, 487, 4242, 4004, 3812, 2775, 4275, 98, 414, 2350, 3866, 1197, 4138]",23580,28000,4420,1.5786208499921486,,0.01,0.4,800,5,40,5,50,7,
distorted_greedy,"[32, 1420, 1739, 981, 2916, 1076, 30, 161, 189, 324, 932, 1447, 2780, 2900, 3417, 179, 544, 638, 2170, 3833, 4004, 4063, 2099, 1232, 2757, 3874, 1453, 3362, 3723, 2500, 166, 4306]",29676,32800,3124,363.2993083409965,,,0.5,800,5,40,5,50,7,
cost_scaled_greedy,"[32, 1420, 1739, 981, 2916, 1076, 30, 161, 189, 324, 932, 1447, 2780, 2900, 3417, 179, 544, 638, 2170, 3833, 4004, 4063, 2099, 1232, 2757, 3874, 1453, 3362, 3723, 2500]",29076,31200,2124,340.76278781797737,,,0.5,800,5,40,5,50,7,
cost_scaled_lazy_exact_greedy,"[32, 1420, 1739, 981, 2916, 1076, 30, 161, 189, 324, 932, 1447, 2780, 2900, 3417, 179, 544, 638, 2170, 3833, 4004, 4063, 2099, 1232, 2757, 3874, 1453, 3362, 3723, 2500]",29076,31200,2124,0.1302953859558329,,,0.5,800,5,40,5,50,7,
unconstrained_linear,"[9, 12, 30, 32, 69, 83, 161, 173, 179, 189, 212, 255, 315, 324, 336, 419, 445, 476, 638, 786, 971, 981, 1076, 1232, 1453, 2099, 2170, 2500, 2757, 3362, 3417, 3723, 3833, 3874, 4004, 4063]",27966,31200,3234,0.17362390691414475,,,0.5,800,5,40,5,50,7,
unconstrained_distorted_greedy,"[2880, 1555, 4529, 2145, 3020, 694, 2066, 2995, 1232, 2869, 4129, 1010, 1662, 932, 1441, 3833, 4183, 2757, 3550, 2500, 2862, 751, 1453, 1420, 3228, 3874, 638, 3362, 431, 3417, 2248, 1076, 3723, 4063, 2866, 2099, 166]",26896,30400,3504,0.6675787339918315,,,0.5,800,5,40,5,50,7,
stochastic_distorted_greedy,"[3523, 2248, 4563, 932, 2931, 991, 1555, 1098, 1232, 638, 3471, 2099, 4004, 324, 419, 2343, 786, 161, 32, 423, 495, 3723, 4063, 3362, 3228, 1076, 4301, 2500, 1453, 336, 2757, 3417, 3833, 3874, 2170, 166, 4306]",28206,32800,4594,2.136348692001775,,0.01,0.5,800,5,40,5,50,7,
distorted_greedy,"[210, 2077, 3313, 21, 3067, 3323, 4049, 3508, 3331, 324, 786, 1354, 2553, 2804, 2806, 3020, 3311, 3383, 1753, 340, 2382, 3727, 1707, 98, 4305, 1401, 721, 1453, 1523, 3185]",31620,34400,2780,521.2082892099861,,,0.6,800,5,40,5,50,7,
cost_scaled_greedy,"[4458, 1690, 3067, 3323, 3417, 4049, 584, 1441, 3508, 3331, 324, 1354, 2077, 2553, 2804, 3020, 3311, 3383, 1753, 340, 2382, 3727, 1707, 98, 1401, 721, 1453]",30670,32800,2130,486.5599114819197,,,0.6,800,5,40,5,50,7,
cost_scaled_lazy_exact_greedy,"[4458, 1690, 3067, 3323, 3417, 4049, 584, 1441, 3508, 3331, 324, 1354, 2077, 2553, 2804, 3020, 3311, 3383, 1753, 340, 2382, 3727, 1707, 98, 1401, 721, 1453]",30670,32800,2130,0.12757952802348882,,,0.6,800,5,40,5,50,7,
unconstrained_linear,"[4, 7, 13, 21, 39, 54, 63, 95, 98, 124, 130, 324, 340, 414, 429, 479, 500, 584, 721, 754, 786, 868, 884, 896, 909, 1132, 1171, 1401, 1438, 1453, 1522, 1603, 1670, 1753, 2429, 2536, 3331]",28405,32800,4395,0.17303966404870152,,,0.6,800,5,40,5,50,7,
unconstrained_distorted_greedy,"[1073, 533, 3380, 4395, 1455, 210, 1690, 4473, 2382, 2762, 2536, 2806, 4089, 2099, 754, 324, 985, 2168, 1132, 2198, 3895, 1354, 2163, 3383, 1438, 4049, 1753, 1915, 1707, 3855, 1453, 2429, 3998, 884, 1523, 721]",27191,30400,3209,0.8868146910099313,,,0.6,800,5,40,5,50,7,
stochastic_distorted_greedy,"[4313, 2937, 2816, 2602, 718, 3331, 4305, 2198, 2806, 4013, 500, 2168, 909, 4472, 1670, 2163, 1453, 4522, 754, 2547, 98, 1753, 3693, 340, 1022, 4147, 39, 1603, 1522, 3383, 3727, 4049, 3020, 324, 1132, 721, 1401, 1523]",29475,33600,4125,2.7332414760021493,,0.01,0.6,800,5,40,5,50,7,
distorted_greedy,"[1971, 356, 427, 1132, 4049, 3941, 115, 782, 946, 1041, 1412, 1963, 2026, 2345, 2593, 2900, 3462, 3581, 3630, 4068, 4249, 1487, 2603, 203, 359, 1937, 2204, 2382, 2476, 2639, 98, 2327, 4443, 4522, 1611, 170, 2246]",34145,36800,2655,705.218165638973,,,0.7,800,5,40,5,50,7,
cost_scaled_greedy,"[1971, 356, 427, 1132, 4049, 3941, 115, 782, 946, 1041, 1412, 1963, 2026, 2345, 2593, 2900, 3462, 3581, 3630, 4068, 4249, 1487, 2603, 203, 359, 1937, 2204, 2382, 2476, 2639, 98, 2327, 4443, 4522, 1611]",33545,35200,1655,660.1626315079629,,,0.7,800,5,40,5,50,7,
cost_scaled_lazy_exact_greedy,"[1971, 356, 427, 1132, 4049, 3941, 115, 782, 946, 1041, 1412, 1963, 2026, 2345, 2593, 2900, 3462, 3581, 3630, 4068, 4249, 1487, 2603, 203, 359, 1937, 2204, 2382, 2476, 2639, 98, 2327, 4443, 4522, 1611]",33545,35200,1655,0.1487125619314611,,,0.7,800,5,40,5,50,7,
unconstrained_linear,"[4, 12, 13, 32, 62, 73, 98, 105, 115, 195, 203, 266, 350, 356, 359, 528, 536, 761, 782, 789, 831, 890, 962, 989, 1041, 1076, 1232, 1391, 1438, 1603, 1611, 1937, 2043, 2276, 2302, 2327, 2697, 3630, 4068, 4443, 4522]",31425,35200,3775,0.2390825899783522,,,0.7,800,5,40,5,50,7,
unconstrained_distorted_greedy,"[4251, 2451, 513, 2043, 1909, 1603, 1041, 4555, 1246, 378, 3196, 1644, 1995, 195, 2163, 3998, 4443, 4049, 3848, 3912, 699, 4, 1076, 1487, 1980, 1098, 831, 2593, 1507, 2208, 3462, 890, 3552, 2302, 4255, 2659, 203, 359, 4522, 1611, 170, 2246]",30175,35200,5025,1.4738110170001164,,,0.7,800,5,40,5,50,7,
stochastic_distorted_greedy,"[464, 930, 536, 291, 1935, 3141, 2750, 3462, 2747, 309, 3552, 1980, 1925, 932, 1507, 1603, 1971, 2026, 4366, 890, 2476, 3597, 4273, 359, 2759, 356, 2343, 203, 1611, 2043, 1132, 1937, 3052, 2327, 3998, 2283, 1487, 4198, 4522, 2345, 4068, 4443, 2246]",32505,36800,4295,3.703089131973684,,0.01,0.7,800,5,40,5,50,7,
distorted_greedy,"[4552, 598, 1739, 3787, 3878, 3910, 2244, 3468, 311, 324, 823, 935, 1234, 1447, 1604, 1636, 1671, 1800, 2051, 2077, 3402, 4354, 3070, 3963, 864, 3419, 1312, 2260, 4487, 816, 4262]",31615,33600,1985,926.524912929046,,,0.8,800,5,40,5,50,7,
cost_scaled_greedy,"[4552, 598, 1739, 3787, 3878, 3910, 2244, 3468, 311, 324, 823, 935, 1234, 1447, 1604, 1636, 1671, 1800, 2051, 2077, 3402, 4354, 3070, 3963, 864, 3419, 1312, 2260, 4487, 816]",31315,32800,1485,865.9186723679304,,,0.8,800,5,40,5,50,7,
cost_scaled_lazy_exact_greedy,"[4552, 598, 1739, 3787, 3878, 3910, 2244, 3468, 311, 324, 823, 935, 1234, 1447, 1604, 1636, 1671, 1800, 2051, 2077, 3402, 4354, 3070, 3963, 864, 3419, 1312, 2260, 4487, 816]",31315,32800,1485,0.15449150593485683,,,0.8,800,5,40,5,50,7,
unconstrained_linear,"[4, 6, 21, 36, 46, 55, 81, 95, 140, 165, 270, 284, 311, 324, 369, 423, 493, 576, 590, 692, 816, 829, 848, 864, 950, 1302, 1604, 1636, 1655, 1699, 1800, 2077, 2244, 2276, 2293, 3402, 3419, 3468, 3963, 4487]",28945,32800,3855,0.22216322703752667,,,0.8,800,5,40,5,50,7,
unconstrained_distorted_greedy,"[1969, 3673, 1634, 3912, 3018, 473, 2774, 935, 4242, 3669, 1334, 189, 2736, 3259, 4486, 576, 3235, 829, 493, 2500, 4354, 816, 1707, 2848, 4555, 369, 324, 1636, 2593, 2971, 4262, 3663, 3787, 2326]",23330,28800,5470,1.4644496199907735,,,0.8,800,5,40,5,50,7,
stochastic_distorted_greedy,"[2211, 460, 943, 3209, 369, 3524, 3008, 4322, 1800, 3106, 1739, 1453, 3908, 3753, 2103, 3995, 950, 3855, 324, 1302, 1972, 2848, 2500, 590, 2077, 829, 3963, 2971, 3910, 4532, 816, 3468, 2244, 864, 1655, 3402, 4221, 4487, 3419, 4262]",29154,33600,4446,4.831185256014578,,0.01,0.8,800,5,40,5,50,7,
distorted_greedy,"[55, 3133, 981, 328, 1237, 1851, 825, 1464, 876, 508, 718, 786, 896, 1064, 1234, 2462, 2477, 3041, 3145, 543, 720, 3419, 2458, 4522, 758, 4092, 1, 1631]",36060,39200,3140,1168.331696748035,,,0.9,800,5,40,5,50,7,
cost_scaled_greedy,"[55, 3133, 981, 328, 1237, 1851, 825, 1464, 876, 508, 718, 786, 896, 1064, 1234, 2462, 2477, 3041, 3145, 543, 720, 3419, 2458, 4522, 758, 4092, 1]",35760,38400,2640,1089.7456181689631,,,0.9,800,5,40,5,50,7,
cost_scaled_lazy_exact_greedy,"[55, 3133, 981, 328, 1237, 1851, 825, 1464, 876, 508, 718, 786, 896, 1064, 1234, 2462, 2477, 3041, 3145, 543, 720, 3419, 2458, 4522, 758, 4092, 1]",35760,38400,2640,0.24598909204360098,,,0.9,800,5,40,5,50,7,
unconstrained_linear,"[1, 4, 6, 7, 31, 36, 42, 50, 55, 64, 69, 70, 73, 85, 129, 131, 149, 217, 220, 222, 239, 266, 328, 543, 574, 692, 720, 758, 786, 848, 981, 1059, 1071, 1160, 1851, 2458, 2477, 3419, 4092, 4522]",34816,38400,3584,0.3773779938928783,,,0.9,800,5,40,5,50,7,
unconstrained_distorted_greedy,"[355, 1902, 3392, 840, 2077, 820, 2684, 3145, 370, 129, 2229, 1851, 1625, 1464, 1064, 3041, 3602, 1911, 3727, 3380, 1914, 2477, 2984, 1234, 1579, 1670, 4129, 1194, 3381, 217, 2348, 2112, 896, 4522, 2458, 543, 758, 1, 2801]",32635,36800,4165,1.9279506059829146,,,0.9,800,5,40,5,50,7,
stochastic_distorted_greedy,"[3368, 4282, 3546, 2616, 3802, 427, 4235, 4558, 3756, 3577, 1015, 1032, 1102, 2477, 2356, 1670, 831, 4084, 3008, 2458, 2827, 4420, 692, 239, 2775, 758, 4388, 4561, 1464, 767, 3214, 2303, 3325, 149, 3223, 1, 31, 543, 2462, 425, 4522, 4092, 1631, 3419]",34215,39200,4985,5.037130562006496,,0.01,0.9,800,5,40,5,50,7,
distorted_greedy,"[4235, 3201, 856, 2900, 3630, 2657, 4236, 1334, 1409, 3822, 4218, 36, 49, 189, 394, 455, 1017, 1143, 1808, 2213, 3402, 3453, 4352, 4369, 2434, 3070, 2458, 2861, 182, 1077, 1933, 975, 2246]",35345,38400,3055,1441.2471462540561,,,1.0,800,5,40,5,50,7,
cost_scaled_greedy,"[4235, 3201, 856, 2900, 3630, 2657, 4236, 1334, 1409, 3822, 4218, 36, 49, 189, 394, 455, 1017, 1143, 1808, 2213, 3402, 3453, 4352, 4369, 2434, 3070, 2458, 2861, 182, 1077, 1933]",34695,36800,2105,1352.009447549004,,,1.0,800,5,40,5,50,7,
cost_scaled_lazy_exact_greedy,"[4235, 3201, 856, 2900, 3630, 2657, 4236, 1334, 1409, 3822, 4218, 36, 49, 189, 394, 455, 1017, 1143, 1808, 2213, 3402, 3453, 4352, 4369, 2434, 3070, 2458, 2861, 182, 1077, 1933]",34695,36800,2105,0.29779760900419205,,,1.0,800,5,40,5,50,7,
unconstrained_linear,"[1, 4, 9, 23, 33, 36, 49, 55, 90, 106, 110, 112, 165, 168, 169, 182, 222, 282, 329, 344, 369, 394, 419, 423, 581, 638, 670, 832, 862, 1017, 1077, 1617, 1808, 1933, 2434, 2458, 2608, 2861, 2900, 3402, 3525, 3630, 4236, 4352]",32250,36800,4550,0.2804827559739351,,,1.0,800,5,40,5,50,7,
unconstrained_distorted_greedy,"[1516, 3771, 2482, 3565, 2458, 1808, 856, 3089, 4136, 3402, 3051, 3630, 222, 74, 2975, 394, 1655, 2596, 976, 2144, 2216, 4218, 1292, 2641, 4394, 4157, 832, 3453, 2861, 4335, 1079, 1933, 2900, 862, 3756, 9, 1077, 2765, 182]",30079,35200,5121,2.4114659229526296,,,1.0,800,5,40,5,50,7,
stochastic_distorted_greedy,"[142, 3864, 499, 573, 4411, 580, 1982, 2855, 2235, 4251, 3912, 2616, 1617, 3632, 981, 1132, 2782, 470, 4476, 1980, 2657, 4461, 1984, 3753, 1077, 1710, 2434, 4050, 913, 2327, 3402, 2458, 222, 1933, 670, 2975, 3756, 4352, 2213, 4008, 2861, 182, 975, 4236, 2246]",33022,38400,5378,6.018640295020305,,0.01,1.0,800,5,40,5,50,7,
distorted_greedy,[],0,0,0,0.0010314390528947115,,,0.001,800,5,17,1,50,8,
cost_scaled_greedy,[],0,0,0,0.0009101409232243896,,,0.001,800,5,17,1,50,8,
cost_scaled_lazy_exact_greedy,[],0,0,0,0.00022341799922287464,,,0.001,800,5,17,1,50,8,
unconstrained_linear,[],0,0,0,0.0002460869727656245,,,0.001,800,5,17,1,50,8,
unconstrained_distorted_greedy,[],0,0,0,0.0005080850096419454,,,0.001,800,5,17,1,50,8,
stochastic_distorted_greedy,[],0,0,0,0.0018469539936631918,,0.01,0.001,800,5,17,1,50,8,
distorted_greedy,"[6, 3244, 3541, 2249, 1064, 4544, 3323, 74, 3255, 2123, 2321, 521, 1010, 1078, 4337, 4482, 2681, 2731]",20490,21600,1110,14.92018801101949,,,0.1,800,5,40,5,50,8,
cost_scaled_greedy,"[6, 3244, 3541, 2249, 1064, 4544, 3323, 74, 3255, 2123, 2321, 521, 1010, 1078, 4337, 4482, 2681, 2731]",20490,21600,1110,13.530245005968027,,,0.1,800,5,40,5,50,8,
cost_scaled_lazy_exact_greedy,"[6, 3244, 3541, 1064, 2249, 3323, 4544, 74, 3255, 521, 1010, 1078, 2123, 2321, 2681, 4337, 4482, 2731]",20490,21600,1110,0.02294902305584401,,,0.1,800,5,40,5,50,8,
unconstrained_linear,"[6, 2060, 2078, 55, 74, 2123, 4279, 2249, 212, 4337, 2321, 322, 329, 4473, 4544, 2543, 2681, 1064, 1078, 3255, 3541]",19515,21600,2085,0.029434080934152007,,,0.1,800,5,40,5,50,8,
unconstrained_distorted_greedy,"[2689, 4282, 1064, 2543, 74, 2358, 329, 55, 856, 6, 555, 3724, 4337, 4544, 3255, 3035, 2249, 2681, 4279, 3541]",16915,19200,2285,0.0639785670209676,,,0.1,800,5,40,5,50,8,
stochastic_distorted_greedy,"[74, 2987, 3255, 4543, 3311, 868, 2249, 2060, 4553, 2898, 4375, 3665, 1064, 856, 3541, 2543, 3606, 2731, 3674, 932, 4337, 6, 2681, 2123, 1078]",19754,21600,1846,0.28461442806292325,,0.01,0.1,800,5,40,5,50,8,
distorted_greedy,"[144, 3198, 64, 816, 2249, 574, 2898, 1234, 3464, 1806, 4081, 3509, 4177, 2321, 618, 3541, 239, 2458, 3669, 2906, 1050, 1944, 2379, 485, 2643, 1598]",21130,25600,4470,58.26687708706595,,,0.2,800,5,40,5,50,8,
cost_scaled_greedy,"[144, 3198, 64, 816, 2249, 574, 2898, 1234, 3464, 1806, 4081, 3509, 4177, 2321, 618, 3541, 239, 2458, 3669, 2906, 1050]",19330,20800,1470,54.09953790192958,,,0.2,800,5,40,5,50,8,
cost_scaled_lazy_exact_greedy,"[144, 3198, 64, 816, 574, 1234, 2249, 2898, 3464, 1806, 4081, 3509, 4177, 618, 2321, 3541, 239, 2458, 3669, 2906, 1050]",19330,20800,1470,0.040991688962094486,,,0.2,800,5,40,5,50,8,
unconstrained_linear,"[4096, 2071, 4137, 2108, 64, 4177, 2163, 2249, 239, 2321, 2356, 2458, 574, 2643, 618, 2826, 816, 2906, 1050, 3198, 1234, 3509, 3541, 3669, 4081]",18850,21600,2750,0.057241576025262475,,,0.2,800,5,40,5,50,8,
unconstrained_distorted_greedy,"[3417, 1082, 239, 64, 2643, 3509, 1812, 2951, 2356, 2826, 2249, 2906, 1039, 574, 1234, 3541, 3669, 1050, 1944, 3035, 3198, 2458, 816, 4081]",18730,22400,3670,0.16109188308473676,,,0.2,800,5,40,5,50,8,
stochastic_distorted_greedy,"[2892, 2722, 2163, 2906, 4177, 3198, 1234, 2249, 574, 4010, 3606, 2826, 3668, 239, 3541, 618, 4409, 816, 1050, 3464, 2458, 3509, 4081, 3669, 1631, 485, 2379, 1598, 2643]",20460,24800,4340,0.6357212010771036,,0.01,0.2,800,5,40,5,50,8,
distorted_greedy,"[85, 1201, 2064, 4177, 340, 3668, 1438, 135, 1234, 1473, 4498, 981, 1010, 1782, 2170, 2476, 4241, 336, 387, 2861, 4482, 1401, 4075, 2643, 4438]",25085,28000,2915,132.80428293405566,,,0.3,800,5,40,5,50,8,
cost_scaled_greedy,"[85, 1201, 2064, 4177, 340, 3668, 1438, 135, 1234, 1473, 4498, 981, 1010, 1782, 2170, 2476, 4241, 336, 387, 2861, 4482, 1401, 4075]",24685,26400,1715,122.1444920670474,,,0.3,800,5,40,5,50,8,
cost_scaled_lazy_exact_greedy,"[85, 1201, 2064, 4177, 340, 3668, 1438, 135, 1234, 1473, 4498, 981, 1010, 1782, 2170, 2476, 4241, 336, 387, 2861, 4482, 1401, 4075]",24685,26400,1715,0.06065588095225394,,,0.3,800,5,40,5,50,8,
unconstrained_linear,"[27, 55, 74, 85, 105, 107, 135, 179, 239, 336, 340, 387, 436, 925, 981, 1010, 1197, 1201, 1234, 1401, 1473, 1782, 2170, 2476, 2861, 3668, 4075, 4177, 4241]",24325,26400,2075,0.08437638799659908,,,0.3,800,5,40,5,50,8,
unconstrained_distorted_greedy,"[2227, 74, 853, 2412, 3130, 55, 3391, 3541, 1975, 4482, 3985, 2729, 3668, 732, 4469, 4075, 1401, 4258, 2228, 1710, 3323, 2861, 340, 2476, 1782]",18288,20800,2512,0.3009704820578918,,,0.3,800,5,40,5,50,8,
stochastic_distorted_greedy,"[756, 105, 2227, 732, 2740, 1557, 527, 4075, 2228, 4327, 135, 2170, 1710, 4013, 340, 4177, 1473, 981, 336, 1782, 3541, 684, 2476, 1401, 2861, 4241, 3668, 387, 1201, 2643]",24660,27200,2540,1.0742837140569463,,0.01,0.3,800,5,40,5,50,8,
distorted_greedy,"[1641, 3313, 1397, 4396, 981, 1919, 1450, 4136, 324, 586, 753, 1095, 1327, 1447, 1980, 2037, 2463, 2664, 2809, 3304, 3956, 887, 1522, 543, 1178, 2458, 3459, 1052, 1598, 2894, 4438]",29380,32800,3420,232.30280815204605,,,0.4,800,5,40,5,50,8,
cost_scaled_greedy,"[1641, 3313, 1944, 981, 1752, 1450, 4136, 324, 586, 1095, 1327, 1447, 1980, 2037, 2463, 2664, 2809, 3304, 3956, 4396, 887, 543, 1178, 2458, 3459]",27465,29600,2135,217.78878530999646,,,0.4,800,5,40,5,50,8,
cost_scaled_lazy_exact_greedy,"[1641, 3313, 1944, 981, 1752, 1450, 4136, 324, 586, 1095, 1327, 1447, 1980, 2037, 2463, 2664, 2809, 3304, 3956, 4396, 887, 543, 1178, 2458, 3459]",27465,29600,2135,0.07115840504411608,,,0.4,800,5,40,5,50,8,
unconstrained_linear,"[6, 22, 55, 85, 137, 236, 300, 304, 324, 342, 356, 414, 543, 583, 586, 628, 723, 753, 962, 981, 1050, 1095, 1178, 1327, 1367, 1447, 1470, 1566, 1641, 1692, 1980, 2458, 3304, 3459, 3956, 4396]",26554,29600,3046,0.11178598902188241,,,0.4,800,5,40,5,50,8,
unconstrained_distorted_greedy,"[2499, 4030, 1470, 3810, 2545, 4425, 981, 3956, 3912, 4396, 2519, 1464, 3368, 3459, 4173, 3186, 486, 2809, 1095, 2770, 628, 2838, 924, 324, 3304, 723, 1641, 2458, 2894, 1598, 1052, 2463, 1178, 236, 1447, 2861, 1980]",27360,31200,3840,0.4661755469860509,,,0.4,800,5,40,5,50,8,
stochastic_distorted_greedy,"[2280, 3086, 1679, 3022, 2114, 2962, 236, 485, 2762, 1397, 3810, 2648, 1456, 3956, 2838, 2328, 1692, 1470, 1327, 1178, 300, 723, 1447, 486, 1774, 981, 3912, 4396, 543, 2458, 2894, 1598, 3459, 3304]",25859,30400,4541,1.5922368000028655,,0.01,0.4,800,5,40,5,50,8,
distorted_greedy,"[356, 4411, 981, 3564, 1544, 1040, 195, 144, 1132, 1283, 1473, 1736, 1909, 2479, 2809, 2953, 3041, 3900, 56, 703, 569, 692, 3149, 3419, 962, 85, 2138, 4251, 780, 2894, 3227]",32385,36000,3615,362.4546048810007,,,0.5,800,5,40,5,50,8,
cost_scaled_greedy,"[356, 4411, 981, 3564, 1544, 1040, 195, 144, 1132, 1283, 1473, 1736, 1909, 2479, 2809, 2953, 3041, 3900, 56, 703, 569, 692, 3149, 3419, 962, 85, 2138, 4251]",31735,33600,1865,339.0916335990187,,,0.5,800,5,40,5,50,8,
cost_scaled_lazy_exact_greedy,"[356, 4411, 981, 3564, 1544, 1040, 195, 144, 1132, 1283, 1473, 1736, 1909, 2479, 2809, 2953, 3041, 3900, 56, 703, 569, 692, 3149, 3419, 962, 85, 2138, 4251]",31735,33600,1865,0.11413754103705287,,,0.5,800,5,40,5,50,8,
unconstrained_linear,"[6, 15, 32, 45, 55, 56, 81, 84, 85, 102, 107, 135, 144, 149, 169, 173, 176, 179, 195, 225, 246, 315, 387, 490, 513, 569, 692, 703, 962, 1146, 1451, 2138, 2291, 2809, 3006, 3041, 3419]",29185,33600,4415,0.1393421619432047,,,0.5,800,5,40,5,50,8,
unconstrained_distorted_greedy,"[2541, 2748, 2740, 993, 1152, 1980, 3836, 527, 409, 2174, 3003, 3900, 4530, 3629, 1736, 336, 3041, 962, 2060, 1040, 56, 1408, 149, 423, 1451, 2862, 2246, 3113, 2006, 3381, 246, 4251, 732, 1604, 2906, 780, 387]",27147,31200,4053,1.0446115520317107,,,0.5,800,5,40,5,50,8,
stochastic_distorted_greedy,"[2234, 3331, 2462, 1781, 126, 144, 2434, 469, 3162, 2953, 747, 195, 2375, 900, 2756, 85, 4221, 2523, 2138, 1428, 887, 1692, 149, 4251, 2270, 3683, 3006, 56, 692, 2060, 3041, 962, 703, 3419, 2809, 780, 2894]",30640,35200,4560,2.85261264804285,,0.01,0.5,800,5,40,5,50,8,
distorted_greedy,"[732, 2114, 1219, 1243, 3131, 3721, 3524, 3056, 149, 40, 376, 416, 1017, 1064, 1909, 2385, 2658, 3173, 4544, 2873, 2183, 2589, 1567, 39, 336, 4210, 4442, 2862]",31155,32800,1645,521.8739769849926,,,0.6,800,5,40,5,50,8,
cost_scaled_greedy,"[732, 2114, 1219, 1243, 3131, 3721, 3524, 3056, 149, 40, 376, 416, 1017, 1064, 1909, 2385, 2658, 3173, 4544, 2873, 2183, 2589, 1567, 39, 336, 4210, 4442, 2862]",31155,32800,1645,489.28926991997287,,,0.6,800,5,40,5,50,8,
cost_scaled_lazy_exact_greedy,"[732, 2114, 1219, 1243, 3131, 3721, 3524, 3056, 149, 40, 376, 416, 1017, 1064, 1909, 2385, 2658, 3173, 4544, 2873, 2183, 2589, 1567, 39, 336, 4210, 4442, 2862]",31155,32800,1645,0.09940786694642156,,,0.6,800,5,40,5,50,8,
unconstrained_linear,"[1, 6, 7, 39, 40, 55, 85, 125, 126, 149, 182, 239, 243, 336, 376, 416, 490, 517, 536, 628, 732, 848, 989, 1017, 1064, 1124, 1197, 1219, 1243, 1441, 1567, 2658, 2862, 3524, 3785, 4210, 4442]",29060,32800,3740,0.1695118279894814,,,0.6,800,5,40,5,50,8,
unconstrained_distorted_greedy,"[2370, 61, 284, 1781, 1750, 4530, 2037, 2729, 1243, 1219, 1681, 595, 2175, 1441, 125, 2873, 3119, 3189, 3785, 2482, 85, 1909, 2589, 1295, 336, 1851, 1443, 4442, 2693, 4210, 2658, 517, 39]",25773,28800,3027,0.8911652939859778,,,0.6,800,5,40,5,50,8,
stochastic_distorted_greedy,"[4106, 300, 2066, 4249, 1078, 2434, 3131, 981, 377, 2270, 1319, 4489, 2693, 2589, 2482, 589, 4442, 2114, 4346, 2385, 1219, 3541, 2862, 4234, 85, 2175, 2658, 3524, 4210, 149, 1295, 1243, 1064, 3785, 39]",29684,32800,3116,2.744762432994321,,0.01,0.6,800,5,40,5,50,8,
distorted_greedy,"[297, 1681, 3145, 3269, 950, 7, 36, 110, 377, 423, 622, 856, 1354, 1439, 3131, 3724, 3900, 3937, 2814, 3149, 3804, 4110, 824, 1757, 2458, 2757, 3599, 3669, 2838, 3941, 2151, 2331, 4222, 374, 800, 1631]",31293,35200,3907,708.4345113401068,,,0.7,800,5,40,5,50,8,
cost_scaled_greedy,"[297, 1681, 3145, 3269, 950, 7, 36, 110, 377, 423, 622, 856, 1354, 1439, 3131, 3724, 3900, 3937, 2814, 3149, 3804, 4110, 824, 1757, 2458, 2757, 3599, 3669, 2838, 3941, 2151, 2331, 4222]",30393,32800,2407,662.680473053013,,,0.7,800,5,40,5,50,8,
cost_scaled_lazy_exact_greedy,"[297, 1681, 3145, 3269, 950, 7, 36, 110, 377, 423, 622, 856, 1354, 1439, 3131, 3724, 3900, 3937, 2814, 3149, 3804, 4110, 824, 1757, 2458, 2757, 3599, 3669, 2838, 3941, 2151, 2331, 4222]",30393,32800,2407,0.11689419101458043,,,0.7,800,5,40,5,50,8,
unconstrained_linear,"[7, 14, 29, 32, 34, 36, 55, 85, 110, 126, 144, 149, 173, 297, 377, 382, 499, 536, 622, 629, 824, 856, 950, 961, 1010, 1027, 1757, 2151, 2291, 2331, 2458, 2838, 2859, 3599, 3669, 3804, 3900, 3941, 4222]",28910,32800,3890,0.1958368270425126,,,0.7,800,5,40,5,50,8,
unconstrained_distorted_greedy,"[1454, 3578, 4442, 961, 1487, 1899, 2999, 3162, 4473, 377, 1729, 1978, 2725, 2611, 3675, 3804, 149, 824, 2458, 1048, 2859, 2291, 4222, 1943, 2151, 3900, 308, 297, 950, 3599, 1710, 3669, 874, 32, 622, 1757, 3724, 3941]",27430,31200,3770,1.1344852719921619,,,0.7,800,5,40,5,50,8,
stochastic_distorted_greedy,"[1048, 3669, 3724, 509, 3675, 2120, 2994, 3245, 4323, 308, 3045, 1943, 622, 3463, 1681, 443, 1354, 2317, 4552, 1650, 1027, 961, 1010, 4223, 1829, 2859, 4188, 2331, 2151, 2757, 4222, 1757, 3599, 3900, 3804, 856, 2838, 3941, 2458, 1598, 1631, 374, 824]",29820,35200,5380,4.0652327130082995,,0.01,0.7,800,5,40,5,50,8,
distorted_greedy,"[622, 2523, 932, 3216, 2473, 2510, 3149, 3468, 3669, 9, 70, 565, 1046, 1257, 2420, 3173, 3269, 3523, 3892, 3919, 4130, 1487, 2031, 887, 4540, 142, 990, 2995, 4136, 318]",32160,33600,1440,927.0315035339445,,,0.8,800,5,40,5,50,8,
cost_scaled_greedy,"[622, 2523, 932, 3216, 2473, 2510, 3149, 3468, 3669, 9, 70, 565, 1046, 1257, 2420, 3173, 3269, 3523, 3892, 3919, 4130, 1487, 2031, 887, 4540, 142, 990, 2995, 4136, 318]",32160,33600,1440,869.783403039095,,,0.8,800,5,40,5,50,8,
cost_scaled_lazy_exact_greedy,"[622, 2523, 932, 3216, 2473, 2510, 3149, 3468, 3669, 9, 70, 565, 1046, 1257, 2420, 3173, 3269, 3523, 3892, 3919, 4130, 1487, 2031, 887, 4540, 142, 990, 2995, 4136, 318]",32160,33600,1440,0.19565280503593385,,,0.8,800,5,40,5,50,8,
unconstrained_linear,"[3, 6, 8, 9, 11, 30, 36, 39, 55, 61, 137, 142, 194, 225, 318, 427, 447, 479, 517, 565, 608, 887, 908, 928, 932, 955, 990, 1046, 1082, 1351, 1487, 1624, 2229, 2276, 2321, 2473, 3216, 3269, 3523, 3892, 4136]",29600,33600,4000,0.3323946869932115,,,0.8,800,5,40,5,50,8,
unconstrained_distorted_greedy,"[1864, 3083, 3299, 4337, 2767, 3967, 3119, 994, 990, 2523, 194, 2060, 3669, 4395, 509, 4130, 1351, 2475, 2163, 3892, 3331, 137, 2593, 2995, 4397, 2510, 2420, 2229, 3269, 887, 2692, 3147, 1624, 2473, 142, 2849, 9, 3784]",28095,31200,3105,1.7266051260521635,,,0.8,800,5,40,5,50,8,
stochastic_distorted_greedy,"[3215, 2625, 2495, 2543, 1078, 574, 1618, 1010, 2031, 2593, 2107, 1820, 259, 1351, 2073, 1322, 3892, 3213, 1752, 4130, 2849, 608, 4397, 887, 142, 3263, 4293, 3216, 2473, 2175, 2420, 3857, 3269, 3919, 9, 3523, 318, 4136]",30315,33600,3285,4.716471646097489,,0.01,0.8,800,5,40,5,50,8,
distorted_greedy,"[2280, 619, 1969, 2729, 2866, 3892, 2849, 1581, 962, 1027, 423, 574, 1800, 1899, 2229, 2420, 3688, 3878, 3900, 2987, 56, 682, 887, 2873, 3945, 172, 39, 1155, 3159, 410, 3640, 3996]",34959,37600,2641,1139.4638558410807,,,0.9,800,5,40,5,50,8,
cost_scaled_greedy,"[2280, 619, 1969, 2729, 2866, 3892, 2849, 1581, 962, 1027, 423, 574, 1800, 1899, 2229, 2420, 3688, 3878, 3900, 2987, 56, 682, 887, 2873, 3945, 172, 39, 1155, 3159, 410]",34359,36000,1641,1039.6275164170656,,,0.9,800,5,40,5,50,8,
cost_scaled_lazy_exact_greedy,"[2280, 619, 1969, 2729, 2866, 3892, 2849, 1581, 962, 1027, 423, 574, 1800, 1899, 2229, 2420, 3688, 3878, 3900, 2987, 56, 682, 887, 2873, 3945, 172, 39, 1155, 3159, 410]",34359,36000,1641,0.16720149293541908,,,0.9,800,5,40,5,50,8,
unconstrained_linear,"[0, 4, 5, 21, 32, 38, 39, 48, 50, 55, 56, 85, 135, 172, 220, 410, 423, 429, 540, 554, 574, 682, 882, 887, 962, 984, 1027, 1063, 1082, 1122, 1155, 1197, 1248, 1581, 1800, 2046, 2681, 2987, 3689, 3892, 3945]",32295,36000,3705,0.23908915603533387,,,0.9,800,5,40,5,50,8,
unconstrained_distorted_greedy,"[1115, 1254, 1454, 4290, 4210, 1108, 550, 3235, 3689, 589, 2343, 2220, 4425, 1453, 2302, 182, 4188, 3483, 429, 1314, 2420, 962, 3315, 4231, 38, 1155, 1913, 961, 582, 692, 410, 945, 2413, 3151, 554, 2681, 39, 1248, 220, 1581]",28196,32800,4604,1.623152863001451,,,0.9,800,5,40,5,50,8,
stochastic_distorted_greedy,"[2495, 533, 2775, 479, 32, 3780, 2849, 2280, 1132, 3892, 2334, 423, 2220, 3331, 1577, 2490, 1082, 2873, 1603, 3900, 4357, 4188, 680, 410, 172, 4524, 56, 429, 1800, 962, 2729, 554, 3878, 2979, 682, 1581, 887, 1155, 39, 2987, 3945, 220, 3640, 3996]",32770,37600,4830,4.589266670984216,,0.01,0.9,800,5,40,5,50,8,
distorted_greedy,"[692, 3738, 4558, 932, 2324, 2780, 3211, 1386, 88, 255, 565, 833, 1064, 1219, 1243, 1245, 1264, 1485, 1592, 1604, 1743, 2044, 2176, 2198, 3630, 4466, 2720, 720, 1937, 3857, 1566, 3159, 4392, 754, 1773]",35626,37600,1974,1370.6373076229356,,,1.0,800,5,40,5,50,8,
cost_scaled_greedy,"[692, 3738, 4558, 932, 2324, 2780, 3211, 1386, 88, 255, 565, 833, 1064, 1219, 1243, 1245, 1264, 1485, 1592, 1604, 1743, 2044, 2176, 2198, 3630, 4466, 2720, 720, 1937, 3857, 1566, 3159, 4392, 754]",35326,36800,1474,1280.6930997620802,,,1.0,800,5,40,5,50,8,
cost_scaled_lazy_exact_greedy,"[692, 3738, 4558, 932, 2324, 2780, 3211, 1386, 88, 255, 565, 833, 1064, 1219, 1243, 1245, 1264, 1485, 1592, 1604, 1743, 2044, 2176, 2198, 3630, 4466, 2720, 720, 1937, 3857, 1566, 3159, 4392, 754]",35326,36800,1474,0.28281892999075353,,,1.0,800,5,40,5,50,8,
unconstrained_linear,"[1, 6, 8, 9, 21, 31, 32, 85, 88, 131, 157, 161, 165, 194, 255, 294, 329, 333, 369, 445, 487, 494, 554, 574, 629, 720, 732, 754, 772, 1064, 1103, 1219, 1243, 1245, 1264, 1566, 1592, 1858, 1937, 2166, 2176, 2380, 2956, 3630, 3738, 4392]",32660,36800,4140,0.2657643429702148,,,1.0,800,5,40,5,50,8,
unconstrained_distorted_greedy,"[4289, 2753, 375, 1075, 3892, 1592, 1021, 3324, 3548, 1779, 2079, 1214, 2151, 3900, 1525, 3022, 2380, 1618, 2928, 1688, 728, 1858, 611, 3501, 4416, 1517, 1219, 1936, 4222, 2166, 4162, 3857, 333, 4198, 1392, 3159, 754, 3325, 3738, 1243, 88, 2394, 1773]",29720,35200,5480,2.3033836610848084,,,1.0,800,5,40,5,50,8,
stochastic_distorted_greedy,"[3450, 377, 165, 3533, 2256, 3161, 1392, 2265, 3390, 1075, 3941, 2893, 2151, 3145, 1442, 1604, 1264, 266, 692, 1574, 1510, 1618, 611, 2956, 1861, 333, 2395, 2720, 720, 4558, 1064, 3630, 4392, 3548, 1592, 3581, 2166, 1243, 4530, 629, 554, 4136, 754, 1773, 3738]",33095,37600,4505,5.745672508026473,,0.01,1.0,800,5,40,5,50,8,
distorted_greedy,[4371],1550,1600,50,0.0016176729695871472,,,0.001,800,5,19,1,50,9,
cost_scaled_greedy,[4371],1550,1600,50,0.0014573510270565748,,,0.001,800,5,19,1,50,9,
cost_scaled_lazy_exact_greedy,[4371],1550,1600,50,0.0003285360289737582,,,0.001,800,5,19,1,50,9,
unconstrained_linear,[4371],1550,1600,50,0.0003713909536600113,,,0.001,800,5,19,1,50,9,
unconstrained_distorted_greedy,[],0,0,0,0.000515118008479476,,,0.001,800,5,19,1,50,9,
stochastic_distorted_greedy,[4371],1550,1600,50,0.0020863140234723687,,0.01,0.001,800,5,19,1,50,9,
distorted_greedy,"[4369, 3616, 3617, 2775, 301, 88, 2228, 4280, 215, 2519, 823, 3075, 1204, 1473, 3774, 3963, 4231, 3149, 2186, 258, 4058, 989, 4563, 2158]",22880,24800,1920,13.964394990936853,,,0.1,800,5,40,5,50,9,
cost_scaled_greedy,"[4369, 3616, 3617, 4563, 301, 88, 2228, 4280, 215, 2519, 823, 3075, 1204, 1473, 3774, 3963, 4231, 4380, 3149, 2186, 258, 4058, 989, 2158]",22930,24800,1870,13.09273024997674,,,0.1,800,5,40,5,50,9,
cost_scaled_lazy_exact_greedy,"[4369, 3616, 3617, 2775, 301, 88, 215, 823, 1115, 1204, 1473, 2228, 2519, 3055, 3774, 3963, 3149, 4231, 258, 2186, 4058, 4563, 989, 2158]",22880,24800,1920,0.020613286993466318,,,0.1,800,5,40,5,50,9,
unconstrained_linear,"[2067, 69, 88, 2158, 4231, 2186, 4265, 2228, 258, 4369, 2326, 4380, 301, 308, 2446, 4563, 2613, 989, 3075, 3149, 1204, 1473, 1532, 3616, 3774, 3963, 4058]",22380,24800,2420,0.02719493501354009,,,0.1,800,5,40,5,50,9,
unconstrained_distorted_greedy,"[2971, 2519, 1532, 821, 3356, 1667, 2186, 4513, 4380, 4528, 3963, 1115, 4540, 1473, 3616, 1517, 258, 2613, 989, 1455, 4058, 2158, 3149, 2228, 1204, 1174]",19875,21600,1725,0.06031604402232915,,,0.1,800,5,40,5,50,9,
stochastic_distorted_greedy,"[1115, 69, 2446, 4471, 3356, 4528, 215, 3616, 2333, 879, 27, 2613, 4231, 2186, 2326, 1001, 2158, 3149, 3963, 2228, 4026, 258, 310, 1204, 1473, 989, 4563, 301, 4058, 3774]",21770,24800,3030,0.2679144199937582,,0.01,0.1,800,5,40,5,50,9,
distorted_greedy,"[2168, 3311, 2296, 748, 761, 2919, 1204, 3713, 3857, 3336, 4113, 2477, 977, 3269, 3791, 1750, 56, 4031, 4231, 2186, 258, 2580, 1455, 2269, 780]",28370,30400,2030,54.9302254030481,,,0.2,800,5,40,5,50,9,
cost_scaled_greedy,"[2168, 3311, 2296, 748, 761, 2919, 1204, 3713, 3857, 3336, 4113, 2477, 977, 3269, 3791, 1750, 56, 4031, 4231, 2186, 258, 2580, 1455]",27770,28800,1030,52.63656963896938,,,0.2,800,5,40,5,50,9,
cost_scaled_lazy_exact_greedy,"[2168, 3311, 748, 761, 1204, 1750, 2919, 3713, 3857, 3336, 977, 2296, 2477, 3269, 3791, 4113, 56, 4031, 4231, 258, 1455, 2186, 2580]",27770,28800,1030,0.05869689199607819,,,0.2,800,5,40,5,50,9,
unconstrained_linear,"[2048, 5, 4104, 4105, 4113, 27, 56, 4158, 2122, 114, 2168, 2186, 194, 2251, 258, 4367, 4507, 2465, 4516, 2477, 2580, 618, 761, 2919, 977, 987, 1163, 3311, 3336, 1455, 3713, 4031]",26434,28800,2366,0.08328835596330464,,,0.2,800,5,40,5,50,9,
unconstrained_distorted_greedy,"[1867, 3570, 1066, 1295, 761, 1780, 4486, 194, 748, 1455, 2030, 805, 3248, 1337, 4113, 3857, 4461, 2296, 2919, 3311, 1467, 2168, 4031, 1557, 3876, 2477, 977, 3336, 2580, 780, 2186, 56, 2269]",26195,29600,3405,0.2272292700363323,,,0.2,800,5,40,5,50,9,
stochastic_distorted_greedy,"[4283, 3570, 780, 2983, 1987, 289, 909, 4507, 2030, 874, 1867, 4555, 1163, 2465, 3248, 4332, 2168, 4113, 3713, 1455, 3503, 4031, 4461, 3311, 2919, 194, 2477, 56, 2580, 761, 1337, 2186, 3336]",26815,29600,2785,0.777433171053417,,0.01,0.2,800,5,40,5,50,9,
distorted_greedy,"[4486, 4544, 4396, 2327, 4136, 9, 709, 786, 1679, 1800, 2804, 3311, 2179, 2639, 3873, 4555, 1644, 3268, 879, 3874, 3986, 4251, 479, 1042, 1172, 372, 874, 2557]",25722,28800,3078,123.73508827004116,,,0.3,800,5,40,5,50,9,
cost_scaled_greedy,"[4486, 4544, 4396, 2327, 4136, 9, 709, 786, 1679, 1800, 2804, 3311, 2179, 2639, 3873, 4555, 1644, 3268, 879, 3874, 3986, 4251, 479, 1042, 1172, 372]",25122,27200,2078,116.31566933402792,,,0.3,800,5,40,5,50,9,
cost_scaled_lazy_exact_greedy,"[4486, 4544, 4396, 2327, 4136, 9, 709, 786, 1679, 1800, 2804, 3311, 2179, 2639, 3873, 4555, 1644, 3268, 879, 3874, 3986, 4251, 479, 1042, 1172, 372]",25122,27200,2078,0.057295784004963934,,,0.3,800,5,40,5,50,9,
unconstrained_linear,"[9, 21, 34, 77, 118, 225, 246, 258, 289, 294, 309, 333, 372, 479, 709, 786, 879, 1042, 1295, 1469, 1470, 1487, 1644, 1679, 1800, 1925, 2327, 2639, 2918, 3268, 3874, 3986, 4136, 4251]",23612,27200,3588,0.08062716003041714,,,0.3,800,5,40,5,50,9,
unconstrained_distorted_greedy,"[1857, 598, 277, 3351, 730, 258, 2319, 372, 4058, 1295, 879, 502, 3986, 479, 3950, 3874, 4486, 1042, 3311, 3149, 2179, 1777, 4544, 4136, 4251, 1800, 2639, 1679]",20006,23200,3194,0.28191022702958435,,,0.3,800,5,40,5,50,9,
stochastic_distorted_greedy,"[2512, 3873, 1999, 3972, 1010, 790, 2521, 9, 4136, 2252, 3986, 4058, 4265, 2326, 309, 3000, 2327, 879, 3874, 2639, 479, 372, 3078, 1172, 2179, 786, 1800, 4251, 1042, 1679, 1925, 1644, 874, 3242, 3268]",24571,28800,4229,1.0145605490542948,,0.01,0.3,800,5,40,5,50,9,
distorted_greedy,"[3771, 4285, 3149, 3132, 584, 1791, 21, 289, 786, 1585, 1641, 1800, 3269, 3464, 3906, 3603, 3255, 2162, 2510, 4475, 1644, 3820, 216, 3159, 3336, 4027, 301, 411, 3812, 2928, 874, 3663, 4270]",30590,34400,3810,220.13136384193785,,,0.4,800,5,40,5,50,9,
cost_scaled_greedy,"[3771, 4285, 3149, 3132, 584, 1791, 21, 289, 786, 1585, 1641, 1800, 3269, 3464, 3906, 3603, 3255, 2162, 2510, 4475, 1644, 3820, 216, 3159, 3336, 4027, 301, 411, 3812, 2928]",29845,32000,2155,206.48163426900283,,,0.4,800,5,40,5,50,9,
cost_scaled_lazy_exact_greedy,"[3771, 4285, 3149, 3132, 584, 1791, 21, 289, 786, 1585, 1641, 1800, 3269, 3464, 3906, 3603, 3255, 2162, 2510, 4475, 1644, 3820, 216, 3159, 3336, 4027, 301, 411, 3812, 2928]",29845,32000,2155,0.07107837102375925,,,0.4,800,5,40,5,50,9,
unconstrained_linear,"[6, 21, 45, 50, 69, 81, 88, 105, 106, 210, 216, 258, 289, 301, 317, 411, 430, 575, 628, 725, 786, 866, 893, 1155, 1459, 1641, 1644, 1800, 2229, 2510, 2928, 3078, 3159, 3336, 3603, 3812, 3820, 3829, 4027, 4475]",27915,32000,4085,0.10613617801573128,,,0.4,800,5,40,5,50,9,
unconstrained_distorted_greedy,"[1838, 4270, 4124, 3022, 2436, 1246, 3845, 289, 2891, 786, 2519, 3771, 1800, 680, 3336, 1585, 4290, 3149, 3269, 106, 2510, 2604, 1641, 3603, 866, 874, 894, 301, 2913, 893, 3159]",23355,28800,5445,0.5423207039711997,,,0.4,800,5,40,5,50,9,
stochastic_distorted_greedy,"[3285, 2210, 1456, 1158, 2459, 4007, 3944, 2174, 3917, 88, 1644, 1996, 580, 629, 1441, 1800, 1999, 2228, 21, 3336, 3255, 411, 216, 4366, 2229, 4027, 1155, 1641, 2928, 3812, 4475, 2510, 786, 3603, 3820, 3663, 301, 4270]",28670,33600,4930,1.890060335979797,,0.01,0.4,800,5,40,5,50,9,
distorted_greedy,"[2415, 1006, 3753, 135, 1647, 3606, 4234, 1079, 9, 508, 1095, 3041, 3269, 3566, 3967, 431, 1904, 950, 1902, 4508, 1471, 2327, 3995, 2120]",28105,29600,1495,345.43109448999166,,,0.5,800,5,40,5,50,9,
cost_scaled_greedy,"[2415, 1006, 3753, 135, 1647, 3606, 4234, 1079, 9, 508, 1095, 3041, 3269, 3566, 3967, 431, 1904, 950, 1902, 4508, 1471, 2327, 3995, 2120]",28105,29600,1495,323.22379560302943,,,0.5,800,5,40,5,50,9,
cost_scaled_lazy_exact_greedy,"[2415, 1006, 3753, 135, 1647, 3606, 4234, 1079, 9, 508, 1095, 3041, 3269, 3566, 3967, 431, 1904, 950, 1902, 4508, 1471, 2327, 3995, 2120]",28105,29600,1495,0.17730857396963984,,,0.5,800,5,40,5,50,9,
unconstrained_linear,"[5, 6, 9, 13, 34, 47, 104, 118, 119, 124, 125, 135, 151, 271, 356, 431, 471, 508, 583, 950, 1073, 1079, 1428, 1902, 1904, 2120, 2327, 2510, 2979, 3041, 3216, 3566, 4234]",26415,29600,3185,0.19053443300072104,,,0.5,800,5,40,5,50,9,
unconstrained_distorted_greedy,"[1018, 3557, 4481, 3743, 308, 2265, 4414, 2174, 294, 3732, 3911, 2563, 4527, 135, 3159, 3282, 3248, 1079, 104, 2817, 3566, 4234, 2649, 2510, 3967, 1448, 3041, 1313, 431, 9]",23735,28000,4265,0.7672049709362909,,,0.5,800,5,40,5,50,9,
stochastic_distorted_greedy,"[2228, 3945, 3072, 4314, 392, 3356, 4368, 1816, 3248, 3282, 2947, 1713, 3074, 104, 3075, 1232, 3720, 3493, 2979, 3159, 2327, 431, 2510, 2120, 3559, 4234, 3104, 1428, 3566, 1073, 3041, 1904, 1902, 3216, 9]",26070,29600,3530,2.247209711931646,,0.01,0.5,800,5,40,5,50,9,
distorted_greedy,"[2930, 3331, 3111, 2382, 1485, 55, 1066, 3078, 21, 288, 1122, 1132, 1899, 1943, 2227, 2415, 2420, 2593, 2658, 3204, 3956, 118, 544, 3070, 3945, 1902, 4241, 1617, 2053, 3456, 2546, 2394, 3185]",34876,37600,2724,494.18102469295263,,,0.6,800,5,40,5,50,9,
cost_scaled_greedy,"[2930, 3331, 3111, 2382, 1485, 55, 1066, 3078, 21, 288, 1122, 1132, 1899, 1943, 2227, 2415, 2420, 2593, 2658, 3204, 3956, 118, 544, 3070, 3945, 1902, 4241, 1617, 2053, 3456, 2546]",34276,36000,1724,461.42289451602846,,,0.6,800,5,40,5,50,9,
cost_scaled_lazy_exact_greedy,"[2930, 3331, 3111, 2382, 1485, 55, 1066, 3078, 21, 288, 1122, 1132, 1899, 1943, 2227, 2415, 2420, 2593, 2658, 3204, 3956, 118, 544, 3070, 3945, 1902, 4241, 1617, 2053, 3456, 2546]",34276,36000,1724,0.14901307492982596,,,0.6,800,5,40,5,50,9,
unconstrained_linear,"[6, 21, 39, 50, 55, 74, 97, 98, 118, 255, 273, 288, 300, 301, 317, 322, 329, 469, 489, 571, 697, 1027, 1040, 1122, 1324, 1439, 1617, 1902, 2053, 2276, 2326, 2382, 2546, 2658, 2681, 3070, 3111, 3204, 3456, 3956, 4241]",31525,36000,4475,0.2144895310048014,,,0.6,800,5,40,5,50,9,
unconstrained_distorted_greedy,"[618, 236, 2658, 3374, 3111, 1910, 270, 2436, 1757, 3914, 317, 2303, 692, 1899, 118, 1359, 493, 767, 2053, 4022, 4315, 2681, 1602, 680, 2546, 571, 3381, 4241, 2006, 3665, 1902, 1617, 2797, 2593, 3945, 1324, 3078, 3185, 3508, 3956, 2600]",30049,35200,5151,0.8869014630327001,,,0.6,800,5,40,5,50,9,
stochastic_distorted_greedy,"[213, 3803, 1441, 2256, 4522, 4022, 631, 2353, 1751, 1312, 3431, 803, 3050, 3144, 4242, 3581, 4525, 4241, 2593, 2963, 725, 1254, 2382, 3331, 3092, 2546, 301, 3255, 2775, 300, 3111, 118, 55, 2658, 1027, 3204, 1902, 1617, 3956, 1324, 2053, 3456, 3185]",31631,36800,5169,2.9866929440759122,,0.01,0.6,800,5,40,5,50,9,
distorted_greedy,"[2916, 571, 2510, 1707, 1897, 2074, 21, 324, 356, 1115, 1143, 1219, 1420, 1507, 1988, 2490, 3311, 3956, 4151, 2434, 1333, 1902, 2384, 3134, 3804, 1669, 2861, 3874, 4355, 374]",33085,35200,2115,671.0627069610637,,,0.7,800,5,40,5,50,9,
cost_scaled_greedy,"[2916, 571, 2510, 1707, 1897, 2074, 21, 324, 356, 1115, 1143, 1219, 1420, 1507, 1988, 2490, 3311, 3956, 4151, 2434, 1333, 1902, 2384, 3134, 3804, 1669, 2861, 3874, 4355]",32785,34400,1615,628.0045834470075,,,0.7,800,5,40,5,50,9,
cost_scaled_lazy_exact_greedy,"[2916, 571, 2510, 1707, 1897, 2074, 21, 324, 356, 1115, 1143, 1219, 1420, 1507, 1988, 2490, 3311, 3956, 4151, 2434, 1333, 1902, 2384, 3134, 3804, 1669, 2861, 3874, 4355]",32785,34400,1615,0.16568924905732274,,,0.7,800,5,40,5,50,9,
unconstrained_linear,"[5, 6, 13, 21, 39, 47, 55, 56, 97, 102, 134, 137, 258, 324, 336, 356, 357, 478, 571, 696, 824, 981, 1096, 1115, 1221, 1420, 1438, 1669, 1707, 1902, 2074, 2384, 2434, 2510, 2861, 3134, 3804, 3874, 3956, 4355]",30859,34400,3541,0.19108598795719445,,,0.7,800,5,40,5,50,9,
unconstrained_distorted_greedy,"[1784, 618, 1010, 647, 4559, 1925, 4309, 700, 1754, 4020, 582, 2806, 3380, 357, 696, 3956, 2490, 2510, 758, 4151, 3012, 3022, 1988, 2391, 454, 2916, 3874, 2158, 4396, 1902, 4355, 2384, 2608, 2074, 1115, 6]",27695,31200,3505,1.0889143449021503,,,0.7,800,5,40,5,50,9,
stochastic_distorted_greedy,"[2999, 1215, 329, 3441, 2490, 2186, 4437, 700, 1420, 4203, 2806, 1742, 3956, 2648, 2125, 1219, 1692, 3134, 3804, 6, 3311, 356, 981, 1143, 3022, 1902, 1490, 4534, 1115, 3140, 2510, 824, 336, 2074, 4355, 1707, 1669, 3874, 3183, 2384, 374]",31860,35200,3340,3.2917919169412926,,0.01,0.7,800,5,40,5,50,9,
distorted_greedy,"[1402, 3468, 598, 1534, 1909, 2390, 2995, 3669, 4461, 24, 514, 833, 1270, 1988, 2064, 3402, 3900, 3876, 4193, 887, 2657, 3171, 2244, 2510, 3887, 4004, 4241, 723, 1566, 1471, 3773, 4022, 4355, 411, 1598]",34450,36800,2350,879.8812757929554,,,0.8,800,5,40,5,50,9,
cost_scaled_greedy,"[1402, 3468, 598, 1534, 1909, 2390, 2995, 3669, 4461, 24, 514, 833, 1270, 1988, 2064, 3402, 3900, 3876, 4193, 887, 2657, 3171, 2244, 2510, 3887, 4004, 4241, 723, 1566, 1471, 3773, 4022, 4355, 411]",34150,36000,1850,822.0718623249559,,,0.8,800,5,40,5,50,9,
cost_scaled_lazy_exact_greedy,"[1402, 3468, 598, 1534, 1909, 2390, 2995, 3669, 4461, 24, 514, 833, 1270, 1988, 2064, 3402, 3900, 3876, 4193, 887, 2657, 3171, 2244, 2510, 3887, 4004, 4241, 723, 1566, 1471, 3773, 4022, 4355, 411]",34150,36000,1850,0.11819793097674847,,,0.8,800,5,40,5,50,9,
unconstrained_linear,"[6, 9, 13, 24, 31, 46, 62, 103, 125, 213, 271, 327, 352, 356, 411, 486, 496, 514, 567, 582, 723, 781, 877, 882, 887, 927, 962, 1073, 1566, 1728, 1988, 2153, 2244, 2247, 2510, 2995, 3402, 3462, 3772, 3773, 4004, 4022, 4355, 4461]",31950,36000,4050,0.21935501298867166,,,0.8,800,5,40,5,50,9,
unconstrained_distorted_greedy,"[4046, 2211, 3992, 2958, 1397, 4096, 3012, 1691, 294, 3035, 1625, 1381, 4539, 410, 3171, 411, 3773, 298, 598, 3351, 856, 882, 1897, 723, 1909, 3402, 1566, 877, 3900, 945, 962, 1663, 3951, 24, 4355, 2247, 4461, 4479, 4270, 3287]",26100,32000,5900,1.7313109420938417,,,0.8,800,5,40,5,50,9,
stochastic_distorted_greedy,"[1691, 3359, 1160, 171, 3013, 4242, 3855, 945, 2754, 514, 2848, 3116, 4022, 2802, 410, 3351, 3649, 1566, 3418, 2510, 2973, 3462, 598, 3772, 2247, 3171, 3740, 3402, 4136, 1728, 3876, 2244, 411, 1988, 567, 1381, 877, 3669, 2995, 882, 3773, 4004, 4461, 4355, 1598]",32017,36800,4783,4.681763793108985,,0.01,0.8,800,5,40,5,50,9,
distorted_greedy,"[547, 699, 55, 1441, 13, 423, 2780, 2951, 3304, 122, 129, 455, 574, 892, 1002, 1120, 1243, 1517, 1648, 4224, 4396, 2987, 2434, 2322, 3110, 3134, 3419, 3463, 4060, 758, 4048]",36814,38400,1586,1191.761640807963,,,0.9,800,5,40,5,50,9,
cost_scaled_greedy,"[547, 699, 55, 1441, 13, 423, 2780, 2951, 3304, 122, 129, 455, 574, 892, 1002, 1120, 1243, 1517, 1648, 4224, 4396, 2987, 2434, 2322, 3110, 3134, 3419, 3463, 4060, 758, 4048]",36814,38400,1586,1051.445017979946,,,0.9,800,5,40,5,50,9,
cost_scaled_lazy_exact_greedy,"[547, 699, 55, 1441, 13, 423, 2780, 2951, 3304, 122, 129, 455, 574, 892, 1002, 1120, 1243, 1517, 1648, 4224, 4396, 2987, 2434, 2322, 3110, 3134, 3419, 3463, 4060, 758, 4048]",36814,38400,1586,0.19727827003225684,,,0.9,800,5,40,5,50,9,
unconstrained_linear,"[3, 5, 6, 13, 21, 31, 32, 36, 39, 55, 74, 102, 111, 126, 129, 251, 372, 493, 547, 574, 705, 721, 758, 855, 879, 901, 943, 1064, 1103, 1160, 1391, 2273, 2434, 2987, 3085, 3134, 3304, 3419, 3463, 4048]",34291,38400,4109,0.2396720639662817,,,0.9,800,5,40,5,50,9,
unconstrained_distorted_greedy,"[4265, 3182, 334, 3559, 3688, 4369, 2229, 4234, 699, 3463, 1747, 1763, 3399, 2825, 680, 493, 1828, 1160, 892, 2947, 866, 4402, 1210, 855, 130, 369, 4508, 129, 2780, 547, 1604, 3304, 3878, 414, 758, 2273, 3085, 2434]",30260,34400,4140,1.6073332029627636,,,0.9,800,5,40,5,50,9,
stochastic_distorted_greedy,"[1340, 1895, 1397, 857, 1312, 4309, 1972, 2776, 1301, 4014, 1391, 6, 2558, 4106, 372, 1531, 1441, 1120, 4369, 2168, 4265, 2322, 4253, 3820, 2167, 1969, 1554, 1517, 943, 4396, 2212, 3134, 4060, 129, 4048, 879, 3110, 2987, 758, 3419, 3304, 2434]",35205,38400,3195,5.2211109140189365,,0.01,0.9,800,5,40,5,50,9,
distorted_greedy,"[1739, 833, 2900, 13, 423, 2873, 790, 3140, 3857, 2287, 7, 9, 208, 215, 508, 761, 1017, 3311, 3426, 3527, 4352, 1428, 1506, 3603, 3963, 720, 981, 1082, 2476, 2273, 4022, 3640]",36715,38400,1685,1347.8708846829832,,,1.0,800,5,40,5,50,9,
cost_scaled_greedy,"[1739, 833, 2900, 13, 423, 2873, 790, 3140, 3857, 2287, 4458, 7, 9, 208, 215, 508, 1017, 3426, 3527, 4352, 1428, 1506, 3603, 3963, 720, 981, 1082, 2476, 2273, 4022]",36065,37600,1535,1258.8567879049806,,,1.0,800,5,40,5,50,9,
cost_scaled_lazy_exact_greedy,"[1739, 833, 2900, 13, 423, 2873, 790, 3140, 3857, 2287, 4458, 7, 9, 208, 215, 508, 1017, 3426, 3527, 4352, 1428, 1506, 3603, 3963, 720, 981, 1082, 2476, 2273, 4022]",36065,37600,1535,0.28678170300554484,,,1.0,800,5,40,5,50,9,
unconstrained_linear,"[1, 4, 6, 7, 9, 11, 13, 23, 55, 56, 102, 125, 126, 194, 215, 217, 227, 266, 282, 382, 424, 456, 494, 526, 737, 833, 981, 1017, 1082, 1146, 1197, 1428, 1506, 1757, 2331, 2476, 2900, 3140, 3527, 3603, 3963, 4022, 4352]",34340,37600,3260,0.3633083059685305,,,1.0,800,5,40,5,50,9,
unconstrained_distorted_greedy,"[280, 466, 2370, 4476, 2999, 3195, 1241, 2742, 2908, 3721, 126, 2343, 137, 3472, 2815, 1739, 3527, 3920, 423, 526, 2782, 2714, 3267, 2910, 848, 2145, 445, 2900, 3426, 4285, 3669, 3140, 1506, 4352, 981, 1757, 4532, 4158, 1371]",29565,34400,4835,2.3884011070476845,,,1.0,800,5,40,5,50,9,
stochastic_distorted_greedy,"[2028, 1967, 438, 548, 1108, 4415, 4538, 4339, 1893, 4507, 3304, 3859, 2919, 617, 3727, 2331, 471, 3236, 535, 1428, 1982, 2900, 3603, 1420, 2476, 2804, 622, 3680, 848, 1339, 4532, 1757, 1754, 9, 3836, 2343, 4022, 3941, 3140, 2608, 3963, 1506, 1082, 3527, 4352, 3640]",34560,38400,3840,5.825428280048072,,0.01,1.0,800,5,40,5,50,9,
distorted_greedy,[201],2375,2400,25,0.0016770899528637528,,,0.001,800,5,16,1,50,10,
cost_scaled_greedy,[201],2375,2400,25,0.0015081689925864339,,,0.001,800,5,16,1,50,10,
cost_scaled_lazy_exact_greedy,[201],2375,2400,25,0.0003564549842849374,,,0.001,800,5,16,1,50,10,
unconstrained_linear,[201],2375,2400,25,0.00047996093053370714,,,0.001,800,5,16,1,50,10,
unconstrained_distorted_greedy,[201],2375,2400,25,0.0006220870418474078,,,0.001,800,5,16,1,50,10,
stochastic_distorted_greedy,[201],2375,2400,25,0.002409760025329888,,0.01,0.001,800,5,16,1,50,10,
distorted_greedy,"[1858, 2184, 4354, 2598, 2101, 929, 1064, 3146, 1327, 3684, 756, 1531, 924, 1144, 253, 3139]",18090,20000,1910,13.847006554948166,,,0.1,800,5,40,5,50,10,
cost_scaled_greedy,"[1858, 2184, 4354, 2598, 2101, 929, 1064, 3146, 1327, 3684, 756, 1531, 924, 1144, 253]",17790,19200,1410,12.994800389977172,,,0.1,800,5,40,5,50,10,
cost_scaled_lazy_exact_greedy,"[1858, 2184, 4354, 2598, 2101, 929, 1064, 1327, 3146, 3684, 756, 1531, 924, 1144, 253]",17790,19200,1410,0.02412944904062897,,,0.1,800,5,40,5,50,10,
unconstrained_linear,"[2048, 2064, 2089, 2101, 2125, 2184, 4254, 4321, 253, 4354, 311, 4532, 454, 924, 929, 3146, 1144, 1531, 3684, 1858]",17005,19200,2195,0.029314836021512747,,,0.1,800,5,40,5,50,10,
unconstrained_distorted_greedy,"[900, 1077, 1094, 4354, 719, 3775, 3525, 449, 4437, 454, 4321, 2048, 2303, 175, 924, 1858, 1531, 253, 3139, 3146, 1144, 2184]",15495,18400,2905,0.07194141705986112,,,0.1,800,5,40,5,50,10,
stochastic_distorted_greedy,"[900, 1910, 2303, 3775, 3505, 253, 3611, 449, 1037, 175, 2125, 929, 4254, 1531, 4532, 543, 924, 4354, 454, 1858, 3684, 1144, 3139]",16880,19200,2320,0.32100768899545074,,0.01,0.1,800,5,40,5,50,10,
distorted_greedy,"[2064, 4216, 2280, 4544, 3311, 201, 228, 2324, 708, 2804, 1064, 1143, 3607, 566, 4052, 544, 4321, 1082, 1853, 1314, 2411]",19730,20800,1070,54.71035916102119,,,0.2,800,5,40,5,50,10,
cost_scaled_greedy,"[2064, 4216, 2280, 4544, 3311, 201, 228, 2324, 708, 2804, 1064, 1143, 3607, 566, 4052, 544, 4321, 1082, 1853, 1314, 2411]",19730,20800,1070,51.01836099103093,,,0.2,800,5,40,5,50,10,
cost_scaled_lazy_exact_greedy,"[2064, 2280, 2804, 3311, 4544, 201, 228, 708, 1064, 1143, 2324, 3607, 4216, 566, 4052, 544, 1082, 1323, 1853, 1314, 2411]",19730,20800,1070,0.034905977081507444,,,0.2,800,5,40,5,50,10,
unconstrained_linear,"[2064, 29, 2094, 85, 4216, 2229, 201, 2256, 4321, 2324, 2411, 4487, 4544, 544, 566, 2635, 708, 2804, 1082, 1143, 1314, 3607, 1853, 3912]",18890,20800,1910,0.07181497302372009,,,0.2,800,5,40,5,50,10,
unconstrained_distorted_greedy,"[850, 1323, 4079, 2256, 2635, 1444, 1853, 3785, 3281, 73, 1978, 1174, 201, 2280, 1314, 2224, 1082, 3629, 3912, 2411, 2229, 3607, 2142]",15765,18400,2635,0.22681756492238492,,,0.2,800,5,40,5,50,10,
stochastic_distorted_greedy,"[2229, 1995, 228, 3311, 696, 1692, 410, 1978, 566, 2280, 3607, 4544, 1314, 998, 3912, 2804, 1143, 2324, 1853, 2411, 1064, 201, 708, 1082]",19095,20800,1705,0.8420926489634439,,0.01,0.2,800,5,40,5,50,10,
distorted_greedy,"[3311, 4362, 2598, 825, 1531, 998, 4525, 1132, 2077, 2280, 2900, 3173, 3617, 544, 1430, 2865, 4392, 695, 2641, 4255, 245, 4293]",21090,24000,2910,123.0020304210484,,,0.3,800,5,40,5,50,10,
cost_scaled_greedy,"[3311, 4362, 2598, 825, 1531, 998, 4525, 1132, 2077, 2280, 2900, 3173, 3617, 544, 1430, 2865, 4392, 695, 2641]",20140,21600,1460,115.43307622300927,,,0.3,800,5,40,5,50,10,
cost_scaled_lazy_exact_greedy,"[3311, 4362, 2598, 825, 1531, 998, 4525, 1132, 2077, 2280, 2900, 3173, 3617, 544, 1430, 2865, 4392, 695, 2641]",20140,21600,1460,0.051708008046261966,,,0.3,800,5,40,5,50,10,
unconstrained_linear,"[9, 17, 27, 32, 85, 97, 176, 211, 329, 544, 571, 589, 695, 710, 729, 805, 825, 998, 1132, 1430, 2077, 2089, 2641, 3173]",18510,22400,3890,0.11270925193093717,,,0.3,800,5,40,5,50,10,
unconstrained_distorted_greedy,"[3600, 3173, 710, 1913, 3215, 761, 1627, 4392, 2089, 2256, 1348, 3331, 9, 85, 1341, 4529, 3281, 1692, 1132, 2499, 544, 4255, 2971, 245, 2641, 695, 1430]",19325,22400,3075,0.3347947580041364,,,0.3,800,5,40,5,50,10,
stochastic_distorted_greedy,"[2624, 1178, 1132, 4278, 4106, 2077, 544, 2587, 4525, 929, 29, 825, 32, 211, 2971, 4458, 2865, 2365, 710, 4392, 2256, 695, 2641, 4506, 3173, 4293, 245, 4255]",19900,24000,4100,1.343273331061937,,0.01,0.3,800,5,40,5,50,10,
distorted_greedy,"[1739, 2280, 2357, 3415, 1931, 544, 311, 2861, 4077, 24, 977, 1234, 2107, 2362, 2553, 2716, 2806, 3688, 1428, 1829, 3154, 1010, 1082, 2380, 220, 3679, 1653, 3108, 352]",30716,32800,2084,215.8204255020246,,,0.4,800,5,40,5,50,10,
cost_scaled_greedy,"[1739, 2280, 2357, 3415, 1931, 544, 311, 2861, 4077, 24, 977, 1234, 2107, 2362, 2553, 2716, 2806, 3688, 1428, 1829, 3154, 1010, 1082, 2380, 220, 3679, 1653, 3108]",30416,32000,1584,204.5634321300313,,,0.4,800,5,40,5,50,10,
cost_scaled_lazy_exact_greedy,"[1739, 2280, 2357, 3415, 1931, 544, 311, 2861, 4077, 24, 977, 1234, 2107, 2362, 2553, 2716, 2806, 3688, 1428, 1829, 3154, 1010, 1082, 2380, 220, 3679, 1653, 3108]",30416,32000,1584,0.09782666503451765,,,0.4,800,5,40,5,50,10,
unconstrained_linear,"[4, 24, 32, 33, 40, 43, 176, 219, 220, 236, 298, 304, 311, 317, 329, 455, 544, 573, 589, 601, 710, 729, 924, 977, 1012, 1082, 1234, 1428, 1653, 1931, 2380, 2806, 3108, 3154, 3331, 3679, 4077]",28041,32000,3959,0.13779787707608193,,,0.4,800,5,40,5,50,10,
unconstrained_distorted_greedy,"[832, 4376, 3269, 2429, 4396, 1739, 1303, 32, 1012, 3624, 719, 3415, 1402, 2729, 274, 1246, 2256, 1371, 589, 544, 1235, 3176, 1836, 3108, 1234, 2380, 3140, 3688, 4077, 352, 1931]",24515,28000,3485,0.5798229210777208,,,0.4,800,5,40,5,50,10,
stochastic_distorted_greedy,"[3140, 719, 1913, 3629, 3777, 1161, 1361, 2964, 695, 1402, 2244, 4221, 3154, 24, 544, 3331, 2553, 977, 1931, 1010, 2107, 1235, 1123, 3157, 1653, 4529, 2357, 311, 2380, 1428, 1082, 4077, 329, 3108, 220, 3679, 352]",29086,32800,3714,1.8292835300089791,,0.01,0.4,800,5,40,5,50,10,
distorted_greedy,"[3380, 1858, 3331, 3878, 1753, 1382, 4382, 13, 455, 854, 946, 1122, 1327, 1910, 2156, 2362, 2843, 2900, 3598, 3791, 3818, 4417, 3433, 3617, 981, 1040, 2163, 1707, 4532]",32880,34400,1520,339.7575023350073,,,0.5,800,5,40,5,50,10,
cost_scaled_greedy,"[3380, 1858, 3331, 3878, 1753, 1382, 4382, 13, 455, 854, 946, 1122, 1327, 1910, 2156, 2362, 2843, 2900, 3598, 3791, 3818, 4417, 3433, 3617, 981, 1040, 2163, 1707, 4532]",32880,34400,1520,317.17815397295635,,,0.5,800,5,40,5,50,10,
cost_scaled_lazy_exact_greedy,"[3380, 1858, 3331, 3878, 1753, 1382, 4382, 13, 455, 854, 946, 1122, 1327, 1910, 2156, 2362, 2843, 2900, 3598, 3791, 3818, 4417, 3433, 3617, 981, 1040, 2163, 1707, 4532]",32880,34400,1520,0.13814942992758006,,,0.5,800,5,40,5,50,10,
unconstrained_linear,"[4, 5, 11, 13, 39, 48, 97, 104, 130, 201, 220, 372, 436, 455, 493, 495, 520, 629, 692, 710, 760, 764, 767, 852, 854, 855, 900, 946, 981, 1040, 1198, 1348, 1441, 1448, 1753, 1858, 2156, 2229, 3331, 3433, 4532]",30057,34400,4343,0.1813319370849058,,,0.5,800,5,40,5,50,10,
unconstrained_distorted_greedy,"[3660, 592, 220, 1683, 48, 2359, 2417, 680, 1409, 2326, 3998, 1428, 3113, 2979, 436, 4026, 4417, 3390, 3668, 3512, 3122, 1858, 2900, 1913, 2229, 3380, 4355, 2291, 1548, 495, 3914, 4252, 520, 1707, 3331]",26206,30400,4194,0.6737582019995898,,,0.5,800,5,40,5,50,10,
stochastic_distorted_greedy,"[3331, 3135, 2517, 1411, 3405, 3770, 3548, 3525, 1235, 2420, 825, 4401, 2365, 3998, 4471, 2582, 1670, 1190, 4433, 900, 4417, 3380, 852, 1913, 3140, 4357, 455, 1448, 692, 3791, 3433, 855, 1790, 1753, 495, 1707, 1858, 2156, 981, 4532]",31080,34400,3320,2.3743905409937724,,0.01,0.5,800,5,40,5,50,10,
distorted_greedy,"[3380, 1753, 2420, 3103, 3738, 3111, 311, 324, 1251, 1909, 2213, 2249, 2296, 3525, 3690, 3787, 4529, 3201, 3945, 3963, 1053, 2382, 4063, 2417, 1241, 149, 2291, 4075, 374, 3389]",32661,35200,2539,488.4399632879067,,,0.6,800,5,40,5,50,10,
cost_scaled_greedy,"[3380, 1753, 2420, 3103, 3738, 3111, 311, 324, 1251, 1909, 2213, 2249, 2296, 3525, 3690, 3787, 4529, 3201, 3945, 3963, 1053, 2382, 4063, 2417, 1241, 149, 2291, 4075]",32061,33600,1539,461.0372985530412,,,0.6,800,5,40,5,50,10,
cost_scaled_lazy_exact_greedy,"[3380, 1753, 2420, 3103, 3738, 3111, 311, 324, 1251, 1909, 2213, 2249, 2296, 3525, 3690, 3787, 4529, 3201, 3945, 3963, 1053, 2382, 4063, 2417, 1241, 149, 2291, 4075]",32061,33600,1539,0.17788613599259406,,,0.6,800,5,40,5,50,10,
unconstrained_linear,"[1, 4, 5, 23, 29, 43, 46, 85, 133, 149, 168, 204, 324, 404, 455, 638, 695, 761, 924, 986, 1082, 1241, 1251, 1551, 1812, 2175, 2186, 2249, 2291, 2296, 2417, 3468, 3525, 3905, 3945, 3963, 4075, 4529]",30046,33600,3554,0.18717729696072638,,,0.6,800,5,40,5,50,10,
unconstrained_distorted_greedy,"[4472, 2804, 2436, 2175, 4366, 1739, 4066, 3209, 751, 924, 3525, 149, 4063, 1082, 2641, 2390, 3103, 455, 2420, 3951, 1053, 2213, 1220, 893, 3111, 2382, 3945, 3518, 3389, 2242, 3963, 2417, 3738]",27036,29600,2564,0.8941623780410737,,,0.6,800,5,40,5,50,10,
stochastic_distorted_greedy,"[1214, 2224, 1899, 986, 616, 4226, 228, 1812, 1943, 2256, 3738, 893, 455, 1172, 2213, 3963, 2420, 404, 3201, 4063, 2249, 3103, 2175, 149, 1241, 4075, 2242, 3945, 2417, 2291, 2296, 3525, 324, 4529, 874, 3389]",31295,35200,3905,2.71980107401032,,0.01,0.6,800,5,40,5,50,10,
distorted_greedy,"[142, 833, 2900, 1441, 1611, 182, 3331, 7, 21, 115, 715, 982, 1064, 1122, 1534, 1636, 2037, 2077, 2804, 3335, 3791, 4050, 4529, 703, 566, 2382, 3395, 336, 3874, 4469, 2120, 2591, 155, 3185]",31865,35200,3335,666.3828039240325,,,0.7,800,5,40,5,50,10,
cost_scaled_greedy,"[142, 833, 2900, 1441, 1611, 182, 3331, 7, 21, 115, 715, 982, 1064, 1122, 1534, 1636, 2037, 2077, 2804, 3335, 3791, 4050, 4529, 703, 566, 2382, 3395, 336, 3874, 4469, 2120, 2591]",31265,33600,2335,623.312015056028,,,0.7,800,5,40,5,50,10,
cost_scaled_lazy_exact_greedy,"[142, 833, 2900, 1441, 1611, 182, 3331, 7, 21, 115, 715, 982, 1064, 1122, 1534, 1636, 2037, 2077, 2804, 3335, 3791, 4050, 4529, 703, 566, 2382, 3395, 336, 3874, 4469, 2120, 2591]",31265,33600,2335,0.1540978819830343,,,0.7,800,5,40,5,50,10,
unconstrained_linear,"[6, 7, 8, 12, 13, 21, 32, 60, 69, 85, 92, 115, 142, 182, 301, 336, 369, 436, 558, 566, 628, 650, 703, 737, 758, 1049, 1064, 1611, 1636, 1692, 1812, 1858, 2120, 2656, 2681, 2900, 3331, 3395, 3874]",28585,32800,4215,0.206962484982796,,,0.7,800,5,40,5,50,10,
unconstrained_distorted_greedy,"[4495, 3549, 1496, 567, 1652, 2766, 1858, 382, 1890, 2382, 2681, 1098, 3281, 703, 1507, 2979, 3599, 376, 2418, 3586, 4353, 2138, 2120, 3331, 4529, 4506, 2283, 2500, 1644, 3335, 2894, 4469, 566, 3874, 1049, 4532, 155]",26000,30400,4400,1.0907333319773898,,,0.7,800,5,40,5,50,10,
stochastic_distorted_greedy,"[3837, 1634, 54, 1314, 715, 4212, 436, 2007, 2120, 650, 1999, 2635, 897, 3276, 1534, 4171, 1636, 3472, 4339, 605, 4238, 2900, 3874, 2382, 1611, 3586, 3395, 3809, 6, 1858, 2656, 1049, 758, 4532, 1064, 703, 3688, 3331, 566, 2591, 3185, 155]",29935,35200,5265,3.261745995027013,,0.01,0.7,800,5,40,5,50,10,
distorted_greedy,"[1625, 2032, 21, 2900, 3802, 943, 201, 351, 460, 856, 896, 1064, 1219, 1980, 1988, 2787, 3202, 3517, 3787, 3791, 3892, 4046, 4396, 56, 1053, 1417, 3110, 3668, 3857, 2995, 2861, 3159, 695, 1077]",33545,35200,1655,865.4190343489172,,,0.8,800,5,40,5,50,10,
cost_scaled_greedy,"[1625, 2032, 21, 2900, 3802, 943, 201, 351, 460, 856, 896, 1064, 1219, 1980, 1988, 2787, 3202, 3517, 3787, 3791, 3892, 4046, 4396, 56, 1053, 1417, 3110, 3668, 3857, 2995, 2861, 3159, 695, 1077]",33545,35200,1655,855.4208495280473,,,0.8,800,5,40,5,50,10,
cost_scaled_lazy_exact_greedy,"[1625, 2032, 21, 2900, 3802, 943, 201, 351, 460, 856, 896, 1064, 1219, 1980, 1988, 2787, 3202, 3517, 3787, 3791, 3892, 4046, 4396, 56, 1053, 1417, 3110, 3668, 3857, 2995, 2861, 3159, 695, 1077]",33545,35200,1655,0.3280022860271856,,,0.8,800,5,40,5,50,10,
unconstrained_linear,"[4, 5, 6, 12, 21, 31, 33, 56, 67, 69, 85, 125, 133, 137, 168, 186, 265, 291, 351, 445, 479, 493, 507, 636, 695, 856, 882, 990, 1064, 1071, 1077, 1417, 2861, 2900, 3159, 3202, 3517, 3668, 3791, 3857, 3892, 4046]",30606,35200,4594,0.40655183407943696,,,0.8,800,5,40,5,50,10,
unconstrained_distorted_greedy,"[491, 1515, 4552, 3196, 896, 2553, 4332, 3263, 4083, 4337, 2011, 1988, 1201, 695, 1053, 1183, 1992, 4323, 3110, 3857, 856, 943, 1314, 69, 3517, 1071, 31, 3787, 1077, 2508, 3668, 636, 3202]",25645,28800,3155,2.2360446740640327,,,0.8,800,5,40,5,50,10,
stochastic_distorted_greedy,"[2822, 3727, 3352, 4371, 3263, 4461, 514, 2174, 3202, 2594, 825, 3173, 2719, 1040, 3459, 1077, 4337, 2861, 3159, 1525, 3818, 1980, 56, 3857, 2985, 695, 1064, 3201, 943, 1053, 3892, 3787, 3668, 4323, 3791, 265, 3517, 493, 4396, 2900, 856]",31825,35200,3375,6.179045500000939,,0.01,0.8,800,5,40,5,50,10,
distorted_greedy,"[1380, 2324, 1218, 2251, 4414, 2448, 9, 122, 508, 565, 932, 1190, 1823, 1909, 2593, 2802, 2994, 3417, 3426, 3878, 3892, 3967, 4396, 624, 1783, 3052, 3763, 864, 1098, 1567, 2121, 3395, 3541, 3606, 138, 1077, 245, 1686]",36170,39200,3030,1179.434703186038,,,0.9,800,5,40,5,50,10,
cost_scaled_greedy,"[1380, 2324, 1218, 2251, 2448, 4414, 9, 122, 508, 565, 932, 1190, 1823, 1909, 2593, 2802, 2994, 3417, 3426, 3878, 3892, 3967, 4396, 624, 1783, 3052, 3763, 864, 1098, 1567, 2121, 3395, 3541, 3606, 138, 1077]",35570,37600,2030,1078.5087049560389,,,0.9,800,5,40,5,50,10,
cost_scaled_lazy_exact_greedy,"[1380, 2324, 1218, 2251, 2448, 4414, 9, 122, 508, 565, 932, 1190, 1823, 1909, 2593, 2802, 2994, 3417, 3426, 3878, 3892, 3967, 4396, 624, 1783, 3052, 3763, 864, 1098, 1567, 2121, 3395, 3541, 3606, 138, 1077]",35570,37600,2030,0.3592896879417822,,,0.9,800,5,40,5,50,10,
unconstrained_linear,"[4, 5, 6, 9, 12, 28, 45, 68, 85, 88, 107, 122, 138, 190, 220, 222, 306, 399, 508, 520, 565, 576, 619, 624, 754, 757, 864, 932, 1060, 1077, 1098, 1197, 1441, 1567, 1753, 1779, 1783, 2276, 2310, 2331, 2802, 3763, 3892, 4284, 4414]",32556,36800,4244,0.31564060400705785,,,0.9,800,5,40,5,50,10,
unconstrained_distorted_greedy,"[785, 1341, 3196, 3420, 4396, 343, 3385, 3606, 4116, 3775, 3099, 3763, 3313, 3598, 3426, 981, 1567, 4046, 1601, 2145, 3282, 2251, 3008, 3375, 565, 3395, 3967, 1098, 4315, 3524, 4119, 624, 1322, 358, 1481, 2802, 1077, 1218, 864, 2201, 138, 932, 1823]",31210,35200,3990,2.0155434110201895,,,0.9,800,5,40,5,50,10,
stochastic_distorted_greedy,"[2073, 4022, 735, 1910, 3763, 3075, 584, 1190, 1847, 4119, 1399, 88, 1994, 2802, 4537, 2849, 1747, 3541, 3722, 706, 4409, 2273, 3524, 222, 4529, 4396, 3375, 2759, 3395, 2121, 3606, 1079, 1783, 3433, 754, 4414, 190, 864, 1098, 138, 1077, 3892, 932, 358, 1686]",34385,38400,4015,5.881719163968228,,0.01,0.9,800,5,40,5,50,10,
distorted_greedy,"[4552, 2032, 2775, 2906, 570, 2953, 3146, 3892, 179, 138, 3087, 927, 1201, 1564, 1800, 2156, 2420, 2451, 2960, 3067, 3910, 1904, 1386, 2244, 4475, 2273, 290, 297, 3669, 4443, 3723, 1077, 1686]",36726,39200,2474,1395.7145944980439,,,1.0,800,5,40,5,50,10,
cost_scaled_greedy,"[4552, 2032, 2775, 2906, 570, 2953, 3146, 3892, 179, 138, 3087, 927, 1201, 1564, 1800, 2156, 2420, 2451, 2960, 3067, 3910, 1904, 1386, 2244, 4475, 2273, 290, 297, 3669, 4443, 3723, 1077]",36426,38400,1974,1303.1407071180874,,,1.0,800,5,40,5,50,10,
cost_scaled_lazy_exact_greedy,"[4552, 2032, 2775, 2906, 570, 2953, 3146, 3892, 179, 138, 3087, 927, 1201, 1564, 1800, 2156, 2420, 2451, 2960, 3067, 3910, 1904, 1386, 2244, 4475, 2273, 290, 297, 3669, 4443, 3723, 1077]",36426,38400,1974,0.1639883239986375,,,1.0,800,5,40,5,50,10,
unconstrained_linear,"[6, 9, 21, 30, 36, 52, 85, 86, 92, 97, 126, 130, 138, 161, 162, 179, 197, 218, 290, 297, 301, 328, 329, 494, 518, 608, 927, 962, 989, 1050, 1077, 1103, 1201, 1375, 1386, 1430, 1447, 1617, 1757, 1800, 1904, 2186, 2244, 3268, 3723, 3892, 4443, 4475]",33742,38400,4658,0.2622091940138489,,,1.0,800,5,40,5,50,10,
unconstrained_distorted_greedy,"[1202, 727, 3129, 3259, 2815, 4534, 2915, 4198, 3265, 1993, 4552, 4083, 2536, 1914, 3818, 3910, 4222, 3391, 3923, 301, 3055, 2265, 4130, 1048, 3022, 1201, 297, 3087, 3536, 1624, 2930, 4443, 1050, 1447, 3287, 4475, 3723, 3892, 3488, 290, 1077, 2186, 1757, 2289, 1386]",31886,37600,5714,2.2693988389801234,,,1.0,800,5,40,5,50,10,
stochastic_distorted_greedy,"[3335, 1296, 4489, 3892, 3507, 3823, 690, 650, 3908, 240, 4552, 3038, 3931, 4284, 3549, 3020, 608, 3293, 1800, 536, 1234, 1447, 301, 927, 1375, 4323, 138, 4525, 2121, 1678, 2420, 4083, 4235, 1642, 4335, 1077, 2265, 4475, 3268, 1201, 3287, 1386, 1757, 3723, 290, 1686, 297, 3996]",34387,39200,4813,5.656413574004546,,0.01,1.0,800,5,40,5,50,10,
